

INSERT INTO `fm_location` (`id`, `sector`, `calle`, `local`, `createdAt`, `updatedAt`, `id_estado`, `id_municipio`, `id_ciudad`, `id_parroquia`) VALUES
(1, 'Uno client', '11 client', 'A client', '2021-10-04 15:46:23.325619', '2021-10-04 19:46:23.325619', 1, 1, 1, 1),
(2, 'Uno', '13', 'A1', '2021-10-04 15:46:23.748598', '2021-10-04 19:46:23.748598', 1, 1, 1, 1),
(3, 'Dos', '15', 'A2', '2021-10-04 15:46:24.680394', '2021-10-04 19:46:24.680394', 1, 1, 1, 1),
(4, 'Uno client', '11 client', 'A client', '2021-10-04 15:47:17.817724', '2021-10-04 19:47:17.817724', 1, 1, 1, 1),
(5, 'Uno', '13', 'A1', '2021-10-04 15:47:18.161893', '2021-10-04 19:47:18.161893', 1, 1, 1, 1),
(6, 'Uno', '13', 'A1', '2021-10-04 15:48:20.006688', '2021-10-04 19:48:20.006688', 1, 1, 1, 1),
(7, 'Uno client', '11 client', 'A client', '2021-10-04 15:49:13.257427', '2021-10-04 19:49:13.257427', 1, 1, 1, 1),
(8, 'Uno client', '11 client', 'A client', '2021-10-04 15:49:50.405652', '2021-10-04 19:49:50.405652', 1, 1, 1, 1),
(9, 'Uno', '13', 'A1', '2021-10-04 15:49:50.766095', '2021-10-04 19:49:50.766095', 1, 1, 1, 1),
(10, 'Uno client', '11 client', 'A client', '2021-10-04 15:50:25.637852', '2021-10-04 19:50:25.637852', 6, 71, 91, 238),
(11, 'Uno', '13', 'A1', '2021-10-04 15:50:25.826690', '2021-10-04 19:50:25.826690', 1, 1, 1, 1),
(12, 'Uno', '13', 'A1', '2021-10-05 12:53:09.036647', '2021-10-05 16:53:09.036647', 1, 1, 1, 1),
(13, 'Uno', '13', 'A1', '2021-10-05 13:17:38.174523', '2021-10-05 17:17:38.174523', 1, 1, 1, 1),
(14, 'Uno client', '11 client', 'A client', '2021-10-05 13:19:39.688458', '2021-10-05 17:19:39.688458', 1, 1, 1, 1),
(15, 'Uno', '13', 'A1', '2021-10-05 13:19:56.318356', '2021-10-05 17:19:56.318356', 1, 1, 1, 1),
(16, 'Uno', '13', 'A1', '2021-10-05 13:27:12.255473', '2021-10-05 17:27:12.255473', 1, 1, 1, 1),
(17, 'Uno', '13', 'A1', '2021-10-05 13:58:05.679017', '2021-10-05 17:58:05.679017', 1, 1, 1, 1);

INSERT INTO `fm_client` (`id`, `name`, `last_name`, `id_roles`, `password`, `ident_num`, `email`, `id_ident_type`, `id_location`) VALUES
(2, 'Mil', 'Pagos', 1, '$2b$10$gwG1EpxlUYxFbVlLXjFHHOxMY0B9gOhGkIOfiWxrjaGJ17YnttWre', '187654322', '1000pagos@corre2o.com', 1, NULL),
(3, 'Mil', 'Pagos', 1, '$2b$10$rjsXt/XakmkmMpRxobc9DeavnTpPg0VHVWr/GpvKbLFujcTzwBHC2', '187654321', '1000pagos@correo.com', 1, NULL),
(4, 'Mil', 'Pagos', 1, '$2b$10$sz.rGgbMkzIERIV4zw67L./brAd4ZWkIa37ZLZWWELJW5rDUSTyya', '187654324', '1000pagos2@correo.com', 1, NULL),
(5, 'Mil', 'Pagos', 1, '$2b$10$AaYlltOaKYDRppdyoqYJzeJAEsRIYk2Hge3tYc87k1QhulYBx4vzK', '18653289', '1000pago2s2@correo.com', 1, NULL),
(6, 'dosmil', 'Pago', 1, '$2b$10$HNEoMYPsg6jLyneUKhG2runPEzJT.rear.vrrM6pzurSHQpxrZOlu', '22222222', 'armandojrivasc@gmail.com', 1, NULL),
(7, 'Jesus', 'Hern', 1, '$2b$10$kSCXTPlAJOpnFGaXd0sXPu5uvsTVaxdfUkTi3iL2IxzlB7qiA82dG', '43434344', 'work@correo.com', 1, NULL),
(8, 'Mil', 'Pagos', 1, '$2b$10$.qnDkmdqeFi.67NhIKHfRuZQbjlmaZNVVZgrqoFrDRpcJF2WCmvbq', '187644321', '1000pagos@c2orreo.com', 1, 14);


INSERT INTO `fm_commerce` (`id`, `name`, `id_ident_type`, `ident_num`, `special_contributor`, `createdAt`, `updatedAt`, `id_location`, `id_client`, `id_activity`) VALUES
(1, '1000pagos', 3, '12344399', 0, '2021-10-04 15:46:23.893454', '2021-10-04 19:46:23.893454', 2, 2, NULL),
(2, 'MilPagos', 3, '12344321', 1, '2021-10-04 15:47:18.183622', '2021-10-04 19:47:18.183622', 5, 3, NULL),
(3, 'MilPagos2', 3, '12344322', 0, '2021-10-04 15:48:20.198575', '2021-10-04 19:48:20.198575', 6, 3, NULL),
(4, 'MilPagos2', 3, '123443234', 0, '2021-10-04 15:49:50.795543', '2021-10-04 19:49:50.795543', 9, 5, NULL),
(5, 'dosmillpago', 3, '234567890', 0, '2021-10-04 15:50:25.961137', '2021-10-04 19:50:25.961137', 11, 6, NULL),
(6, 'MilPagos100', 3, '12344344', 0, '2021-10-05 12:53:09.261031', '2021-10-05 16:53:09.261031', 12, 3, 5200),
(7, 'MilPagosnueva', 3, '12344387', 0, '2021-10-05 13:17:39.927638', '2021-10-05 17:17:39.927638', 13, 3, 4225),
(8, 'MilPagosnueva', 3, '12324387', 0, '2021-10-05 13:19:56.406825', '2021-10-05 17:19:56.406825', 15, 8, 4225),
(9, 'MilPagos', 3, '123543223', 0, '2021-10-05 13:27:12.451859', '2021-10-05 17:27:12.451859', 16, 3, 4225),
(10, 'MilPagos', 3, '123445555', 0, '2021-10-05 13:58:05.859816', '2021-10-05 17:58:05.859816', 17, 3, 4723);


INSERT INTO `fm_phone` (`id`, `phone`, `createdAt`, `updatedAt`, `id_client`) VALUES
(1, '+584121234567', '2021-10-04 15:46:23.510770', '2021-10-04 19:46:23.510770', 2),
(2, '+584121234566', '2021-10-04 15:46:23.545004', '2021-10-04 19:46:23.545004', 2),
(3, '+584121234567', '2021-10-04 15:47:17.912576', '2021-10-04 19:47:17.912576', 3),
(4, '+584121234566', '2021-10-04 15:47:18.014892', '2021-10-04 19:47:18.014892', 3),
(5, '+584121234567', '2021-10-04 15:49:13.351061', '2021-10-04 19:49:13.351061', 4),
(6, '+584121234566', '2021-10-04 15:49:13.430321', '2021-10-04 19:49:13.430321', 4),
(7, '+584121234567', '2021-10-04 15:49:50.532391', '2021-10-04 19:49:50.532391', 5),
(8, '+584121234566', '2021-10-04 15:49:50.582809', '2021-10-04 19:49:50.582809', 5),
(9, '+584121234522', '2021-10-04 15:50:25.715917', '2021-10-04 19:50:25.715917', 6),
(10, '+584121234533', '2021-10-04 15:50:25.734490', '2021-10-04 19:50:25.734490', 6),
(11, 'VE4123434444', '2021-10-05 10:55:33.583735', '2021-10-05 14:55:33.583735', 7),
(12, 'GB4123434444', '2021-10-05 10:55:33.623670', '2021-10-05 14:55:33.623670', 7),
(13, '+584121234567', '2021-10-05 13:19:39.900043', '2021-10-05 17:19:39.900043', 8),
(14, '+584121234566', '2021-10-05 13:19:39.926189', '2021-10-05 17:19:39.926189', 8);


INSERT INTO `fm_photo` (`id`, `path`, `link`, `name`, `descript`, `createdAt`, `updatedAt`) VALUES
(1, 'static/2/1/32001943-2afc-4078-b029-badddb6edff8@rc_rif.png', 'http://localhost:undefined//2/1/32001943-2afc-4078-b029-badddb6edff8@rc_rif.png', '32001943-2afc-4078-b029-badddb6edff8@rc_rif.png', 'rc_rif', '2021-10-04 15:46:24.184908', '2021-10-04 19:46:24.184908'),
(2, 'static/2/d9d6ff1d-d22e-415e-b832-562cd6158371@rc_ident_card.png', 'http://localhost:undefined//2/d9d6ff1d-d22e-415e-b832-562cd6158371@rc_ident_card.png', 'd9d6ff1d-d22e-415e-b832-562cd6158371@rc_ident_card.png', 'rc_ident_card', '2021-10-04 15:46:24.193443', '2021-10-04 19:46:24.193443'),
(3, 'static/2/1/101a68af-9c4b-4a7f-a0a2-0514470bc433@rc_ref_bank.png', 'http://localhost:undefined//2/1/101a68af-9c4b-4a7f-a0a2-0514470bc433@rc_ref_bank.png', '101a68af-9c4b-4a7f-a0a2-0514470bc433@rc_ref_bank.png', 'rc_ref_bank', '2021-10-04 15:46:24.194875', '2021-10-04 19:46:24.194875'),
(4, 'static/2/3ceb9bc2-55c1-44b9-8f89-e74e4b548916@rc_ref_perso.png', 'http://localhost:undefined//2/3ceb9bc2-55c1-44b9-8f89-e74e4b548916@rc_ref_perso.png', '3ceb9bc2-55c1-44b9-8f89-e74e4b548916@rc_ref_perso.png', 'rc_ref_perso', '2021-10-04 15:46:24.195494', '2021-10-04 19:46:24.195494'),
(5, 'static/2/1/0b4c1f27-a8bb-4d58-a68b-631c4d9ec267@rc_constitutive_act.png', 'http://localhost:undefined//2/1/0b4c1f27-a8bb-4d58-a68b-631c4d9ec267@rc_constitutive_act.png', '0b4c1f27-a8bb-4d58-a68b-631c4d9ec267@rc_constitutive_act.png', 'rc_constitutive_act', '2021-10-04 15:46:24.196115', '2021-10-04 19:46:24.196115'),
(6, 'static/2/1/ef3acfa8-6950-4136-8970-144faeb50cbb@rc_property_document.jpeg', 'http://localhost:undefined//2/1/ef3acfa8-6950-4136-8970-144faeb50cbb@rc_property_document.jpeg', 'ef3acfa8-6950-4136-8970-144faeb50cbb@rc_property_document.jpeg', 'rc_property_document', '2021-10-04 15:46:24.196762', '2021-10-04 19:46:24.196762'),
(7, 'static/2/1/3b2c3eac-09a8-41a1-a97a-8516405280b8@rc_service_document.jpeg', 'http://localhost:undefined//2/1/3b2c3eac-09a8-41a1-a97a-8516405280b8@rc_service_document.jpeg', '3b2c3eac-09a8-41a1-a97a-8516405280b8@rc_service_document.jpeg', 'rc_service_document', '2021-10-04 15:46:24.197407', '2021-10-04 19:46:24.197407'),
(8, 'static/2/1/69015803-9d4d-4745-9ba4-d032075b7663@rc_account_number.jpeg', 'http://localhost:undefined//2/1/69015803-9d4d-4745-9ba4-d032075b7663@rc_account_number.jpeg', '69015803-9d4d-4745-9ba4-d032075b7663@rc_account_number.jpeg', 'rc_account_number', '2021-10-04 15:46:24.197955', '2021-10-04 19:46:24.197955'),
(9, 'static/3/43c2755d-43fb-4c1f-b99c-8270e6aac42b@rc_ident_card.jpeg', 'http://localhost:undefined//3/43c2755d-43fb-4c1f-b99c-8270e6aac42b@rc_ident_card.jpeg', '43c2755d-43fb-4c1f-b99c-8270e6aac42b@rc_ident_card.jpeg', 'rc_ident_card', '2021-10-04 15:47:18.595401', '2021-10-04 19:47:18.595401'),
(10, 'static/3/2/c34f39b6-40f7-47b3-9e0b-309d449d9786@rc_rif.jpeg', 'http://localhost:undefined//3/2/c34f39b6-40f7-47b3-9e0b-309d449d9786@rc_rif.jpeg', 'c34f39b6-40f7-47b3-9e0b-309d449d9786@rc_rif.jpeg', 'rc_rif', '2021-10-04 15:47:18.662055', '2021-10-04 19:47:18.662055'),
(11, 'static/3/a6e80877-73dc-447c-87d6-2efa650ee609@rc_ref_perso.jpeg', 'http://localhost:undefined//3/a6e80877-73dc-447c-87d6-2efa650ee609@rc_ref_perso.jpeg', 'a6e80877-73dc-447c-87d6-2efa650ee609@rc_ref_perso.jpeg', 'rc_ref_perso', '2021-10-04 15:47:18.688242', '2021-10-04 19:47:18.688242'),
(12, 'static/3/2/9ed6f271-c20b-4048-ab46-23f5afa30ef6@rc_special_contributor.jpeg', 'http://localhost:undefined//3/2/9ed6f271-c20b-4048-ab46-23f5afa30ef6@rc_special_contributor.jpeg', '9ed6f271-c20b-4048-ab46-23f5afa30ef6@rc_special_contributor.jpeg', 'rc_special_contributor', '2021-10-04 15:47:18.735307', '2021-10-04 19:47:18.735307'),
(13, 'static/3/2/6365df89-43ea-41b9-b4c2-2d98e87fed85@rc_service_document.jpeg', 'http://localhost:undefined//3/2/6365df89-43ea-41b9-b4c2-2d98e87fed85@rc_service_document.jpeg', '6365df89-43ea-41b9-b4c2-2d98e87fed85@rc_service_document.jpeg', 'rc_service_document', '2021-10-04 15:47:18.716207', '2021-10-04 19:47:18.716207'),
(14, 'static/3/2/07f42c11-f18d-4f30-b570-0b6d60d9b7a9@rc_ref_bank.jpeg', 'http://localhost:undefined//3/2/07f42c11-f18d-4f30-b570-0b6d60d9b7a9@rc_ref_bank.jpeg', '07f42c11-f18d-4f30-b570-0b6d60d9b7a9@rc_ref_bank.jpeg', 'rc_ref_bank', '2021-10-04 15:47:18.689061', '2021-10-04 19:47:18.689061'),
(15, 'static/3/2/4cf44f23-92b5-4332-b223-cfea78b7aa4d@rc_constitutive_act.jpeg', 'http://localhost:undefined//3/2/4cf44f23-92b5-4332-b223-cfea78b7aa4d@rc_constitutive_act.jpeg', '4cf44f23-92b5-4332-b223-cfea78b7aa4d@rc_constitutive_act.jpeg', 'rc_constitutive_act', '2021-10-04 15:47:18.718428', '2021-10-04 19:47:18.718428'),
(16, 'static/3/2/b2030762-5c63-4bfa-9fa4-60cc22030745@rc_property_document.jpeg', 'http://localhost:undefined//3/2/b2030762-5c63-4bfa-9fa4-60cc22030745@rc_property_document.jpeg', 'b2030762-5c63-4bfa-9fa4-60cc22030745@rc_property_document.jpeg', 'rc_property_document', '2021-10-04 15:47:18.717455', '2021-10-04 19:47:18.717455'),
(17, 'static/3/2/b01b5123-6b44-4cad-89ee-353125f24e69@rc_account_number.jpeg', 'http://localhost:undefined//3/2/b01b5123-6b44-4cad-89ee-353125f24e69@rc_account_number.jpeg', 'b01b5123-6b44-4cad-89ee-353125f24e69@rc_account_number.jpeg', 'rc_account_number', '2021-10-04 15:47:18.810229', '2021-10-04 19:47:18.810229'),
(18, 'static/3/3/8e49df36-ba42-451b-9b1e-ead3246143eb@rc_rif.png', 'http://localhost:undefined//3/3/8e49df36-ba42-451b-9b1e-ead3246143eb@rc_rif.png', '8e49df36-ba42-451b-9b1e-ead3246143eb@rc_rif.png', 'rc_rif', '2021-10-04 15:48:20.529299', '2021-10-04 19:48:20.529299'),
(19, 'static/3/3/88b309a7-a39f-406d-b01f-df5629d2bac2@rc_ref_bank.png', 'http://localhost:undefined//3/3/88b309a7-a39f-406d-b01f-df5629d2bac2@rc_ref_bank.png', '88b309a7-a39f-406d-b01f-df5629d2bac2@rc_ref_bank.png', 'rc_ref_bank', '2021-10-04 15:48:20.561451', '2021-10-04 19:48:20.561451'),
(20, 'static/3/3/7c220de4-a35a-4e5a-8f43-3fa42fc02081@rc_property_document.png', 'http://localhost:undefined//3/3/7c220de4-a35a-4e5a-8f43-3fa42fc02081@rc_property_document.png', '7c220de4-a35a-4e5a-8f43-3fa42fc02081@rc_property_document.png', 'rc_property_document', '2021-10-04 15:48:20.563084', '2021-10-04 19:48:20.563084'),
(21, 'static/3/3/b46a9967-d63c-49a7-b77b-83f00ec26e6c@rc_service_document.png', 'http://localhost:undefined//3/3/b46a9967-d63c-49a7-b77b-83f00ec26e6c@rc_service_document.png', 'b46a9967-d63c-49a7-b77b-83f00ec26e6c@rc_service_document.png', 'rc_service_document', '2021-10-04 15:48:20.563871', '2021-10-04 19:48:20.563871'),
(22, 'static/3/3/db8db63f-b822-4777-acf0-c40433b1a012@rc_constitutive_act.png', 'http://localhost:undefined//3/3/db8db63f-b822-4777-acf0-c40433b1a012@rc_constitutive_act.png', 'db8db63f-b822-4777-acf0-c40433b1a012@rc_constitutive_act.png', 'rc_constitutive_act', '2021-10-04 15:48:20.564582', '2021-10-04 19:48:20.564582'),
(23, 'static/3/3/38403d3f-a066-47f9-b3b0-3734f2913b66@rc_account_number.jpeg', 'http://localhost:undefined//3/3/38403d3f-a066-47f9-b3b0-3734f2913b66@rc_account_number.jpeg', '38403d3f-a066-47f9-b3b0-3734f2913b66@rc_account_number.jpeg', 'rc_account_number', '2021-10-04 15:48:20.565268', '2021-10-04 19:48:20.565268'),
(24, 'static/4/ab3fabc4-3fbf-4e80-be1c-c1deaa536941@rc_ident_card.png', 'http://localhost:undefined//4/ab3fabc4-3fbf-4e80-be1c-c1deaa536941@rc_ident_card.png', 'ab3fabc4-3fbf-4e80-be1c-c1deaa536941@rc_ident_card.png', 'rc_ident_card', '2021-10-04 15:49:13.903500', '2021-10-04 19:49:13.903500'),
(25, 'static/4/0d5f7107-e9a9-4287-b1d6-0d293895c39e@rc_ref_perso.png', 'http://localhost:undefined//4/0d5f7107-e9a9-4287-b1d6-0d293895c39e@rc_ref_perso.png', '0d5f7107-e9a9-4287-b1d6-0d293895c39e@rc_ref_perso.png', 'rc_ref_perso', '2021-10-04 15:49:13.920970', '2021-10-04 19:49:13.920970'),
(26, 'static/4/3/a4ee778b-1c92-4f68-990c-747feda625cb@rc_ref_bank.png', 'http://localhost:undefined//4/3/a4ee778b-1c92-4f68-990c-747feda625cb@rc_ref_bank.png', 'a4ee778b-1c92-4f68-990c-747feda625cb@rc_ref_bank.png', 'rc_ref_bank', '2021-10-04 15:49:13.928180', '2021-10-04 19:49:13.928180'),
(27, 'static/4/3/c0e3ed1d-262a-40db-bcdd-1293cf300dd5@rc_rif.png', 'http://localhost:undefined//4/3/c0e3ed1d-262a-40db-bcdd-1293cf300dd5@rc_rif.png', 'c0e3ed1d-262a-40db-bcdd-1293cf300dd5@rc_rif.png', 'rc_rif', '2021-10-04 15:49:13.928785', '2021-10-04 19:49:13.928785'),
(28, 'static/4/3/80de548b-b1b3-411f-bb1c-7369e70eeb75@rc_property_document.png', 'http://localhost:undefined//4/3/80de548b-b1b3-411f-bb1c-7369e70eeb75@rc_property_document.png', '80de548b-b1b3-411f-bb1c-7369e70eeb75@rc_property_document.png', 'rc_property_document', '2021-10-04 15:49:14.051400', '2021-10-04 19:49:14.051400'),
(29, 'static/4/3/45098dd0-0d17-4bad-a560-5bcde1139936@rc_constitutive_act.png', 'http://localhost:undefined//4/3/45098dd0-0d17-4bad-a560-5bcde1139936@rc_constitutive_act.png', '45098dd0-0d17-4bad-a560-5bcde1139936@rc_constitutive_act.png', 'rc_constitutive_act', '2021-10-04 15:49:14.053259', '2021-10-04 19:49:14.053259'),
(30, 'static/4/3/48673e3c-d6c1-4d92-b922-9a174b4d23dd@rc_account_number.jpeg', 'http://localhost:undefined//4/3/48673e3c-d6c1-4d92-b922-9a174b4d23dd@rc_account_number.jpeg', '48673e3c-d6c1-4d92-b922-9a174b4d23dd@rc_account_number.jpeg', 'rc_account_number', '2021-10-04 15:49:14.054118', '2021-10-04 19:49:14.054118'),
(31, 'static/4/3/ad135478-8b19-47d6-9434-83d6ad0f675b@rc_service_document.png', 'http://localhost:undefined//4/3/ad135478-8b19-47d6-9434-83d6ad0f675b@rc_service_document.png', 'ad135478-8b19-47d6-9434-83d6ad0f675b@rc_service_document.png', 'rc_service_document', '2021-10-04 15:49:14.088067', '2021-10-04 19:49:14.088067'),
(32, 'static/5/eede5874-843a-49f8-a4c2-71b37e989a85@rc_ident_card.png', 'http://localhost:undefined//5/eede5874-843a-49f8-a4c2-71b37e989a85@rc_ident_card.png', 'eede5874-843a-49f8-a4c2-71b37e989a85@rc_ident_card.png', 'rc_ident_card', '2021-10-04 15:49:51.354025', '2021-10-04 19:49:51.354025'),
(33, 'static/5/e9a923f3-ecc4-4c2a-87bd-383318ae8c7b@rc_ref_perso.png', 'http://localhost:undefined//5/e9a923f3-ecc4-4c2a-87bd-383318ae8c7b@rc_ref_perso.png', 'e9a923f3-ecc4-4c2a-87bd-383318ae8c7b@rc_ref_perso.png', 'rc_ref_perso', '2021-10-04 15:49:51.367361', '2021-10-04 19:49:51.367361'),
(34, 'static/5/4/e774f095-ad69-4940-9ca7-24435908d4a1@rc_rif.png', 'http://localhost:undefined//5/4/e774f095-ad69-4940-9ca7-24435908d4a1@rc_rif.png', 'e774f095-ad69-4940-9ca7-24435908d4a1@rc_rif.png', 'rc_rif', '2021-10-04 15:49:51.417801', '2021-10-04 19:49:51.417801'),
(35, 'static/5/4/42d48fee-fdee-411d-8001-cafd7f948363@rc_property_document.png', 'http://localhost:undefined//5/4/42d48fee-fdee-411d-8001-cafd7f948363@rc_property_document.png', '42d48fee-fdee-411d-8001-cafd7f948363@rc_property_document.png', 'rc_property_document', '2021-10-04 15:49:51.418720', '2021-10-04 19:49:51.418720'),
(36, 'static/5/4/5b9a44c9-2fa6-42ab-bc08-edc37538d29c@rc_constitutive_act.png', 'http://localhost:undefined//5/4/5b9a44c9-2fa6-42ab-bc08-edc37538d29c@rc_constitutive_act.png', '5b9a44c9-2fa6-42ab-bc08-edc37538d29c@rc_constitutive_act.png', 'rc_constitutive_act', '2021-10-04 15:49:51.431554', '2021-10-04 19:49:51.431554'),
(37, 'static/5/4/db4d33db-21df-4ffb-87ca-2a8070762849@rc_account_number.jpeg', 'http://localhost:undefined//5/4/db4d33db-21df-4ffb-87ca-2a8070762849@rc_account_number.jpeg', 'db4d33db-21df-4ffb-87ca-2a8070762849@rc_account_number.jpeg', 'rc_account_number', '2021-10-04 15:49:51.432345', '2021-10-04 19:49:51.432345'),
(38, 'static/5/4/5b876591-269d-4e21-9455-dd4def2e33ae@rc_service_document.png', 'http://localhost:undefined//5/4/5b876591-269d-4e21-9455-dd4def2e33ae@rc_service_document.png', '5b876591-269d-4e21-9455-dd4def2e33ae@rc_service_document.png', 'rc_service_document', '2021-10-04 15:49:51.439448', '2021-10-04 19:49:51.439448'),
(39, 'static/5/4/9ec05e42-b68d-41f2-8d8a-9072d03c96e4@rc_ref_bank.png', 'http://localhost:undefined//5/4/9ec05e42-b68d-41f2-8d8a-9072d03c96e4@rc_ref_bank.png', '9ec05e42-b68d-41f2-8d8a-9072d03c96e4@rc_ref_bank.png', 'rc_ref_bank', '2021-10-04 15:49:51.429569', '2021-10-04 19:49:51.429569'),
(40, 'static/6/45328cb6-b6b9-4e03-a0c1-f4e812a229ee@rc_ref_perso.png', 'http://localhost:undefined//6/45328cb6-b6b9-4e03-a0c1-f4e812a229ee@rc_ref_perso.png', '45328cb6-b6b9-4e03-a0c1-f4e812a229ee@rc_ref_perso.png', 'rc_ref_perso', '2021-10-04 15:50:26.301347', '2021-10-04 19:50:26.301347'),
(41, 'static/6/60034f8b-04b8-44d8-9951-ff06f7bffa49@rc_ident_card.png', 'http://localhost:undefined//6/60034f8b-04b8-44d8-9951-ff06f7bffa49@rc_ident_card.png', '60034f8b-04b8-44d8-9951-ff06f7bffa49@rc_ident_card.png', 'rc_ident_card', '2021-10-04 15:50:26.302578', '2021-10-04 19:50:26.302578'),
(42, 'static/6/5/26eaf18e-08a1-44fe-aa22-cf6169e78e99@rc_ref_bank.png', 'http://localhost:undefined//6/5/26eaf18e-08a1-44fe-aa22-cf6169e78e99@rc_ref_bank.png', '26eaf18e-08a1-44fe-aa22-cf6169e78e99@rc_ref_bank.png', 'rc_ref_bank', '2021-10-04 15:50:26.303104', '2021-10-04 19:50:26.303104'),
(43, 'static/6/5/f3a935b9-a52b-4b6f-b7c7-e834817a44b7@rc_rif.png', 'http://localhost:undefined//6/5/f3a935b9-a52b-4b6f-b7c7-e834817a44b7@rc_rif.png', 'f3a935b9-a52b-4b6f-b7c7-e834817a44b7@rc_rif.png', 'rc_rif', '2021-10-04 15:50:26.303642', '2021-10-04 19:50:26.303642'),
(44, 'static/6/5/80a32b2f-52c2-44fa-925c-cce2fea904e5@rc_constitutive_act.png', 'http://localhost:undefined//6/5/80a32b2f-52c2-44fa-925c-cce2fea904e5@rc_constitutive_act.png', '80a32b2f-52c2-44fa-925c-cce2fea904e5@rc_constitutive_act.png', 'rc_constitutive_act', '2021-10-04 15:50:26.304170', '2021-10-04 19:50:26.304170'),
(45, 'static/6/5/22a6dc60-d95d-4d40-a3b3-31e81433ae97@rc_service_document.png', 'http://localhost:undefined//6/5/22a6dc60-d95d-4d40-a3b3-31e81433ae97@rc_service_document.png', '22a6dc60-d95d-4d40-a3b3-31e81433ae97@rc_service_document.png', 'rc_service_document', '2021-10-04 15:50:26.314642', '2021-10-04 19:50:26.314642'),
(46, 'static/6/5/0039d2b1-fcef-4186-95f4-0bf3be4c6b6f@rc_property_document.png', 'http://localhost:undefined//6/5/0039d2b1-fcef-4186-95f4-0bf3be4c6b6f@rc_property_document.png', '0039d2b1-fcef-4186-95f4-0bf3be4c6b6f@rc_property_document.png', 'rc_property_document', '2021-10-04 15:50:26.315184', '2021-10-04 19:50:26.315184'),
(47, 'static/6/5/d05ce644-4cbd-45f6-a6a4-47328fa469e7@rc_account_number.png', 'http://localhost:undefined//6/5/d05ce644-4cbd-45f6-a6a4-47328fa469e7@rc_account_number.png', 'd05ce644-4cbd-45f6-a6a4-47328fa469e7@rc_account_number.png', 'rc_account_number', '2021-10-04 15:50:26.315727', '2021-10-04 19:50:26.315727'),
(48, 'static/3/6/a6bf24b6-d66e-410e-9acf-79bceeac93da@rc_rif.jpeg', 'http://localhost:undefined//3/6/a6bf24b6-d66e-410e-9acf-79bceeac93da@rc_rif.jpeg', 'a6bf24b6-d66e-410e-9acf-79bceeac93da@rc_rif.jpeg', 'rc_rif', '2021-10-05 12:53:09.613671', '2021-10-05 16:53:09.613671'),
(49, 'static/3/6/edbb4cd1-0d09-453a-b5e3-f6cd405f9b34@rc_ref_bank.jpeg', 'http://localhost:undefined//3/6/edbb4cd1-0d09-453a-b5e3-f6cd405f9b34@rc_ref_bank.jpeg', 'edbb4cd1-0d09-453a-b5e3-f6cd405f9b34@rc_ref_bank.jpeg', 'rc_ref_bank', '2021-10-05 12:53:09.620892', '2021-10-05 16:53:09.620892'),
(50, 'static/3/6/3a847b57-a562-4cae-a9ae-6c49decbc6e8@rc_service_document.jpeg', 'http://localhost:undefined//3/6/3a847b57-a562-4cae-a9ae-6c49decbc6e8@rc_service_document.jpeg', '3a847b57-a562-4cae-a9ae-6c49decbc6e8@rc_service_document.jpeg', 'rc_service_document', '2021-10-05 12:53:09.621991', '2021-10-05 16:53:09.621991'),
(51, 'static/3/6/02a7486e-5bd8-4088-b4b4-821dd2c77ae3@rc_property_document.jpeg', 'http://localhost:undefined//3/6/02a7486e-5bd8-4088-b4b4-821dd2c77ae3@rc_property_document.jpeg', '02a7486e-5bd8-4088-b4b4-821dd2c77ae3@rc_property_document.jpeg', 'rc_property_document', '2021-10-05 12:53:09.639928', '2021-10-05 16:53:09.639928'),
(52, 'static/3/6/9c7d07ea-9633-4bce-bb3f-d3258b323f20@rc_constitutive_act.jpeg', 'http://localhost:undefined//3/6/9c7d07ea-9633-4bce-bb3f-d3258b323f20@rc_constitutive_act.jpeg', '9c7d07ea-9633-4bce-bb3f-d3258b323f20@rc_constitutive_act.jpeg', 'rc_constitutive_act', '2021-10-05 12:53:09.641817', '2021-10-05 16:53:09.641817'),
(53, 'static/3/6/0db107a3-3a97-4d11-bcc0-75b8ebb826f9@rc_account_number.png', 'http://localhost:undefined//3/6/0db107a3-3a97-4d11-bcc0-75b8ebb826f9@rc_account_number.png', '0db107a3-3a97-4d11-bcc0-75b8ebb826f9@rc_account_number.png', 'rc_account_number', '2021-10-05 12:53:09.643078', '2021-10-05 16:53:09.643078'),
(54, 'static/3/6/a0031b64-d1a3-4a30-80b8-144bd1bc20cf@rc_rif.jpeg', 'http://localhost:undefined//3/6/a0031b64-d1a3-4a30-80b8-144bd1bc20cf@rc_rif.jpeg', 'a0031b64-d1a3-4a30-80b8-144bd1bc20cf@rc_rif.jpeg', 'rc_rif', '2021-10-05 13:11:56.948171', '2021-10-05 17:11:56.948171'),
(55, 'static/3/6/5c0e7d93-263d-42ce-a24f-ff54d8462a29@rc_account_number.png', 'http://localhost:undefined//3/6/5c0e7d93-263d-42ce-a24f-ff54d8462a29@rc_account_number.png', '5c0e7d93-263d-42ce-a24f-ff54d8462a29@rc_account_number.png', 'rc_account_number', '2021-10-05 13:11:57.033596', '2021-10-05 17:11:57.033596'),
(56, 'static/3/6/b3a91db7-ff15-47e7-abea-c6276dc95b73@rc_service_document.jpeg', 'http://localhost:undefined//3/6/b3a91db7-ff15-47e7-abea-c6276dc95b73@rc_service_document.jpeg', 'b3a91db7-ff15-47e7-abea-c6276dc95b73@rc_service_document.jpeg', 'rc_service_document', '2021-10-05 13:11:57.030687', '2021-10-05 17:11:57.030687'),
(57, 'static/3/6/7bf3ef43-8d3e-47ca-b760-6897389277ac@rc_constitutive_act.jpeg', 'http://localhost:undefined//3/6/7bf3ef43-8d3e-47ca-b760-6897389277ac@rc_constitutive_act.jpeg', '7bf3ef43-8d3e-47ca-b760-6897389277ac@rc_constitutive_act.jpeg', 'rc_constitutive_act', '2021-10-05 13:11:57.013685', '2021-10-05 17:11:57.013685'),
(58, 'static/3/6/b5969eab-2d17-4a76-ba5b-2479225646ad@rc_ref_bank.jpeg', 'http://localhost:undefined//3/6/b5969eab-2d17-4a76-ba5b-2479225646ad@rc_ref_bank.jpeg', 'b5969eab-2d17-4a76-ba5b-2479225646ad@rc_ref_bank.jpeg', 'rc_ref_bank', '2021-10-05 13:11:57.014401', '2021-10-05 17:11:57.014401'),
(59, 'static/3/6/42986460-3db5-4d5d-a9fc-4bc330c52a59@rc_property_document.jpeg', 'http://localhost:undefined//3/6/42986460-3db5-4d5d-a9fc-4bc330c52a59@rc_property_document.jpeg', '42986460-3db5-4d5d-a9fc-4bc330c52a59@rc_property_document.jpeg', 'rc_property_document', '2021-10-05 13:11:57.111539', '2021-10-05 17:11:57.111539'),
(60, 'static/3/7/78c5993e-00f8-4695-8e84-358b967c2881@rc_ref_bank.png', 'http://localhost:undefined//3/7/78c5993e-00f8-4695-8e84-358b967c2881@rc_ref_bank.png', '78c5993e-00f8-4695-8e84-358b967c2881@rc_ref_bank.png', 'rc_ref_bank', '2021-10-05 13:17:41.874430', '2021-10-05 17:17:41.874430'),
(61, 'static/3/7/803b9abd-910e-4a0e-940c-03c2c57b47cd@rc_rif.png', 'http://localhost:undefined//3/7/803b9abd-910e-4a0e-940c-03c2c57b47cd@rc_rif.png', '803b9abd-910e-4a0e-940c-03c2c57b47cd@rc_rif.png', 'rc_rif', '2021-10-05 13:17:41.879595', '2021-10-05 17:17:41.879595'),
(62, 'static/3/7/182903a7-1bfc-4234-a207-869eedd3ee30@rc_service_document.png', 'http://localhost:undefined//3/7/182903a7-1bfc-4234-a207-869eedd3ee30@rc_service_document.png', '182903a7-1bfc-4234-a207-869eedd3ee30@rc_service_document.png', 'rc_service_document', '2021-10-05 13:17:41.881114', '2021-10-05 17:17:41.881114'),
(63, 'static/3/7/4c4f26d0-2bc6-4fd5-b38e-cd743a12d4d6@rc_account_number.jpeg', 'http://localhost:undefined//3/7/4c4f26d0-2bc6-4fd5-b38e-cd743a12d4d6@rc_account_number.jpeg', '4c4f26d0-2bc6-4fd5-b38e-cd743a12d4d6@rc_account_number.jpeg', 'rc_account_number', '2021-10-05 13:17:41.896464', '2021-10-05 17:17:41.896464'),
(64, 'static/3/7/1e6bb113-cdd0-4af3-b6dc-c7e038938f25@rc_property_document.png', 'http://localhost:undefined//3/7/1e6bb113-cdd0-4af3-b6dc-c7e038938f25@rc_property_document.png', '1e6bb113-cdd0-4af3-b6dc-c7e038938f25@rc_property_document.png', 'rc_property_document', '2021-10-05 13:17:41.901028', '2021-10-05 17:17:41.901028'),
(65, 'static/3/7/1fc32bdb-55ae-46d2-acfe-373268389c1d@rc_constitutive_act.png', 'http://localhost:undefined//3/7/1fc32bdb-55ae-46d2-acfe-373268389c1d@rc_constitutive_act.png', '1fc32bdb-55ae-46d2-acfe-373268389c1d@rc_constitutive_act.png', 'rc_constitutive_act', '2021-10-05 13:17:41.902085', '2021-10-05 17:17:41.902085'),
(66, 'static/3/7/93e0de59-e799-4739-a3ec-672500d96b57@rc_rif.png', 'http://localhost:undefined//3/7/93e0de59-e799-4739-a3ec-672500d96b57@rc_rif.png', '93e0de59-e799-4739-a3ec-672500d96b57@rc_rif.png', 'rc_rif', '2021-10-05 13:18:03.015539', '2021-10-05 17:18:03.015539'),
(67, 'static/3/7/9338c26c-91ad-423e-88bc-160672b38dda@rc_ref_bank.png', 'http://localhost:undefined//3/7/9338c26c-91ad-423e-88bc-160672b38dda@rc_ref_bank.png', '9338c26c-91ad-423e-88bc-160672b38dda@rc_ref_bank.png', 'rc_ref_bank', '2021-10-05 13:18:03.052494', '2021-10-05 17:18:03.052494'),
(68, 'static/3/7/3ba80fe7-e7bf-43b5-bb40-0c62851caf94@rc_constitutive_act.png', 'http://localhost:undefined//3/7/3ba80fe7-e7bf-43b5-bb40-0c62851caf94@rc_constitutive_act.png', '3ba80fe7-e7bf-43b5-bb40-0c62851caf94@rc_constitutive_act.png', 'rc_constitutive_act', '2021-10-05 13:18:03.052453', '2021-10-05 17:18:03.052453'),
(69, 'static/3/7/998e034e-9d15-40eb-86e8-5baf6dfeb972@rc_property_document.png', 'http://localhost:undefined//3/7/998e034e-9d15-40eb-86e8-5baf6dfeb972@rc_property_document.png', '998e034e-9d15-40eb-86e8-5baf6dfeb972@rc_property_document.png', 'rc_property_document', '2021-10-05 13:18:03.052898', '2021-10-05 17:18:03.052898'),
(70, 'static/3/7/465cdd83-6190-49fb-b5d8-76ecbcfb7868@rc_account_number.jpeg', 'http://localhost:undefined//3/7/465cdd83-6190-49fb-b5d8-76ecbcfb7868@rc_account_number.jpeg', '465cdd83-6190-49fb-b5d8-76ecbcfb7868@rc_account_number.jpeg', 'rc_account_number', '2021-10-05 13:18:03.054089', '2021-10-05 17:18:03.054089'),
(71, 'static/3/7/55143f74-0fc6-4fbc-b64f-c227e45c4a49@rc_service_document.png', 'http://localhost:undefined//3/7/55143f74-0fc6-4fbc-b64f-c227e45c4a49@rc_service_document.png', '55143f74-0fc6-4fbc-b64f-c227e45c4a49@rc_service_document.png', 'rc_service_document', '2021-10-05 13:18:03.055179', '2021-10-05 17:18:03.055179'),
(72, 'static/3/2/e6d9c869-8769-4285-b3ae-3cf0006f0135@rc_rif.png', 'http://localhost:undefined//3/2/e6d9c869-8769-4285-b3ae-3cf0006f0135@rc_rif.png', 'e6d9c869-8769-4285-b3ae-3cf0006f0135@rc_rif.png', 'rc_rif', '2021-10-05 13:21:30.059835', '2021-10-05 17:21:30.059835'),
(73, 'static/3/2/ad92ee1f-9dea-46d9-b6c0-0c6e96f18ac7@rc_ref_bank.png', 'http://localhost:undefined//3/2/ad92ee1f-9dea-46d9-b6c0-0c6e96f18ac7@rc_ref_bank.png', 'ad92ee1f-9dea-46d9-b6c0-0c6e96f18ac7@rc_ref_bank.png', 'rc_ref_bank', '2021-10-05 13:21:30.079909', '2021-10-05 17:21:30.079909'),
(74, 'static/3/2/4e1bc34a-46f4-4a93-bdb7-18266212b948@rc_constitutive_act.jpeg', 'http://localhost:undefined//3/2/4e1bc34a-46f4-4a93-bdb7-18266212b948@rc_constitutive_act.jpeg', '4e1bc34a-46f4-4a93-bdb7-18266212b948@rc_constitutive_act.jpeg', 'rc_constitutive_act', '2021-10-05 13:21:30.080540', '2021-10-05 17:21:30.080540'),
(75, 'static/3/2/4ccdeb1d-c71a-4e5b-b81b-59a6612e7f2b@rc_service_document.jpeg', 'http://localhost:undefined//3/2/4ccdeb1d-c71a-4e5b-b81b-59a6612e7f2b@rc_service_document.jpeg', '4ccdeb1d-c71a-4e5b-b81b-59a6612e7f2b@rc_service_document.jpeg', 'rc_service_document', '2021-10-05 13:21:30.099371', '2021-10-05 17:21:30.099371'),
(76, 'static/3/2/31e97588-744a-478b-9391-d8400b6e7e3b@rc_property_document.png', 'http://localhost:undefined//3/2/31e97588-744a-478b-9391-d8400b6e7e3b@rc_property_document.png', '31e97588-744a-478b-9391-d8400b6e7e3b@rc_property_document.png', 'rc_property_document', '2021-10-05 13:21:30.101223', '2021-10-05 17:21:30.101223'),
(77, 'static/3/2/62e235fe-dce8-419a-a5b5-bb3777f04311@rc_account_number.png', 'http://localhost:undefined//3/2/62e235fe-dce8-419a-a5b5-bb3777f04311@rc_account_number.png', '62e235fe-dce8-419a-a5b5-bb3777f04311@rc_account_number.png', 'rc_account_number', '2021-10-05 13:21:30.100170', '2021-10-05 17:21:30.100170'),
(78, 'static/3/2/b51e2a79-ca22-42fc-8573-da1a4cdf105f@rc_rif.png', 'http://localhost:undefined//3/2/b51e2a79-ca22-42fc-8573-da1a4cdf105f@rc_rif.png', 'b51e2a79-ca22-42fc-8573-da1a4cdf105f@rc_rif.png', 'rc_rif', '2021-10-05 13:21:59.991499', '2021-10-05 17:21:59.991499'),
(79, 'static/3/2/fb28f82f-522b-4d5c-8ad1-00f917f898a7@rc_property_document.png', 'http://localhost:undefined//3/2/fb28f82f-522b-4d5c-8ad1-00f917f898a7@rc_property_document.png', 'fb28f82f-522b-4d5c-8ad1-00f917f898a7@rc_property_document.png', 'rc_property_document', '2021-10-05 13:22:00.007875', '2021-10-05 17:22:00.007875'),
(80, 'static/3/2/6a4cc4d8-1484-475e-b6f0-a3fc2fc18165@rc_constitutive_act.jpeg', 'http://localhost:undefined//3/2/6a4cc4d8-1484-475e-b6f0-a3fc2fc18165@rc_constitutive_act.jpeg', '6a4cc4d8-1484-475e-b6f0-a3fc2fc18165@rc_constitutive_act.jpeg', 'rc_constitutive_act', '2021-10-05 13:22:00.052148', '2021-10-05 17:22:00.052148'),
(81, 'static/3/2/dce0469f-55b2-4072-8681-cf6033d1b98a@rc_account_number.png', 'http://localhost:undefined//3/2/dce0469f-55b2-4072-8681-cf6033d1b98a@rc_account_number.png', 'dce0469f-55b2-4072-8681-cf6033d1b98a@rc_account_number.png', 'rc_account_number', '2021-10-05 13:22:00.053157', '2021-10-05 17:22:00.053157'),
(82, 'static/3/2/7d47385c-d102-4617-aae0-f50b43f2b5c4@rc_service_document.jpeg', 'http://localhost:undefined//3/2/7d47385c-d102-4617-aae0-f50b43f2b5c4@rc_service_document.jpeg', '7d47385c-d102-4617-aae0-f50b43f2b5c4@rc_service_document.jpeg', 'rc_service_document', '2021-10-05 13:22:00.054652', '2021-10-05 17:22:00.054652'),
(83, 'static/3/2/996c097a-66ed-4a9a-aa04-57bf63e3076c@rc_ref_bank.png', 'http://localhost:undefined//3/2/996c097a-66ed-4a9a-aa04-57bf63e3076c@rc_ref_bank.png', '996c097a-66ed-4a9a-aa04-57bf63e3076c@rc_ref_bank.png', 'rc_ref_bank', '2021-10-05 13:22:00.006959', '2021-10-05 17:22:00.006959'),
(84, 'static/3/2/c8b31ba0-2bd5-4bc0-bed7-9b233154c4f7@rc_rif.png', 'http://localhost:undefined//3/2/c8b31ba0-2bd5-4bc0-bed7-9b233154c4f7@rc_rif.png', 'c8b31ba0-2bd5-4bc0-bed7-9b233154c4f7@rc_rif.png', 'rc_rif', '2021-10-05 13:25:11.696307', '2021-10-05 17:25:11.696307'),
(85, 'static/3/2/ca7392af-aadb-4f7f-b299-214a853183b9@rc_property_document.png', 'http://localhost:undefined//3/2/ca7392af-aadb-4f7f-b299-214a853183b9@rc_property_document.png', 'ca7392af-aadb-4f7f-b299-214a853183b9@rc_property_document.png', 'rc_property_document', '2021-10-05 13:25:11.724593', '2021-10-05 17:25:11.724593'),
(86, 'static/3/2/a7863f21-46ba-4fb5-8344-1c831293ebd0@rc_account_number.png', 'http://localhost:undefined//3/2/a7863f21-46ba-4fb5-8344-1c831293ebd0@rc_account_number.png', 'a7863f21-46ba-4fb5-8344-1c831293ebd0@rc_account_number.png', 'rc_account_number', '2021-10-05 13:25:11.725676', '2021-10-05 17:25:11.725676'),
(87, 'static/3/2/93c64869-d96a-4bdc-9a0c-4a7ffffb701f@rc_constitutive_act.jpeg', 'http://localhost:undefined//3/2/93c64869-d96a-4bdc-9a0c-4a7ffffb701f@rc_constitutive_act.jpeg', '93c64869-d96a-4bdc-9a0c-4a7ffffb701f@rc_constitutive_act.jpeg', 'rc_constitutive_act', '2021-10-05 13:25:11.733659', '2021-10-05 17:25:11.733659'),
(88, 'static/3/2/a509300e-a04b-4cdc-9b42-ea4f3fbd978e@rc_ref_bank.png', 'http://localhost:undefined//3/2/a509300e-a04b-4cdc-9b42-ea4f3fbd978e@rc_ref_bank.png', 'a509300e-a04b-4cdc-9b42-ea4f3fbd978e@rc_ref_bank.png', 'rc_ref_bank', '2021-10-05 13:25:11.733733', '2021-10-05 17:25:11.733733'),
(89, 'static/3/2/850eea12-6d86-44b1-9cf7-ac2594415d94@rc_service_document.jpeg', 'http://localhost:undefined//3/2/850eea12-6d86-44b1-9cf7-ac2594415d94@rc_service_document.jpeg', '850eea12-6d86-44b1-9cf7-ac2594415d94@rc_service_document.jpeg', 'rc_service_document', '2021-10-05 13:25:11.733924', '2021-10-05 17:25:11.733924'),
(90, 'static/3/2/0ca6a67e-2dde-4cd1-8fbe-4a5aebdeaadf@rc_property_document.png', 'http://localhost:undefined//3/2/0ca6a67e-2dde-4cd1-8fbe-4a5aebdeaadf@rc_property_document.png', '0ca6a67e-2dde-4cd1-8fbe-4a5aebdeaadf@rc_property_document.png', 'rc_property_document', '2021-10-05 13:25:37.127628', '2021-10-05 17:25:37.127628'),
(91, 'static/3/2/4c29fb2d-0f3e-4ca7-a235-663c9266728d@rc_service_document.jpeg', 'http://localhost:undefined//3/2/4c29fb2d-0f3e-4ca7-a235-663c9266728d@rc_service_document.jpeg', '4c29fb2d-0f3e-4ca7-a235-663c9266728d@rc_service_document.jpeg', 'rc_service_document', '2021-10-05 13:25:37.127891', '2021-10-05 17:25:37.127891'),
(92, 'static/3/2/0ead71ac-8214-43bd-b5af-943744f529be@rc_account_number.png', 'http://localhost:undefined//3/2/0ead71ac-8214-43bd-b5af-943744f529be@rc_account_number.png', '0ead71ac-8214-43bd-b5af-943744f529be@rc_account_number.png', 'rc_account_number', '2021-10-05 13:25:37.128872', '2021-10-05 17:25:37.128872'),
(93, 'static/3/2/941bb163-9421-4477-80c4-e2a4c7d8361f@rc_constitutive_act.jpeg', 'http://localhost:undefined//3/2/941bb163-9421-4477-80c4-e2a4c7d8361f@rc_constitutive_act.jpeg', '941bb163-9421-4477-80c4-e2a4c7d8361f@rc_constitutive_act.jpeg', 'rc_constitutive_act', '2021-10-05 13:25:37.130002', '2021-10-05 17:25:37.130002'),
(94, 'static/3/2/cf71879d-390e-4b1e-96cf-b99577b1656a@rc_rif.png', 'http://localhost:undefined//3/2/cf71879d-390e-4b1e-96cf-b99577b1656a@rc_rif.png', 'cf71879d-390e-4b1e-96cf-b99577b1656a@rc_rif.png', 'rc_rif', '2021-10-05 13:25:37.131350', '2021-10-05 17:25:37.131350'),
(95, 'static/3/2/c5b7e6de-9a23-46d6-b02b-13363ee48d53@rc_ref_bank.png', 'http://localhost:undefined//3/2/c5b7e6de-9a23-46d6-b02b-13363ee48d53@rc_ref_bank.png', 'c5b7e6de-9a23-46d6-b02b-13363ee48d53@rc_ref_bank.png', 'rc_ref_bank', '2021-10-05 13:25:37.569572', '2021-10-05 17:25:37.569572'),
(96, 'static/3/9/e07f04ab-c720-4d87-a6b9-9a340e4ab595@rc_property_document.png', 'http://localhost:undefined//3/9/e07f04ab-c720-4d87-a6b9-9a340e4ab595@rc_property_document.png', 'e07f04ab-c720-4d87-a6b9-9a340e4ab595@rc_property_document.png', 'rc_property_document', '2021-10-05 13:27:12.774298', '2021-10-05 17:27:12.774298'),
(97, 'static/3/9/6f740971-9005-43ff-9168-91c25bfd672b@rc_ref_bank.png', 'http://localhost:undefined//3/9/6f740971-9005-43ff-9168-91c25bfd672b@rc_ref_bank.png', '6f740971-9005-43ff-9168-91c25bfd672b@rc_ref_bank.png', 'rc_ref_bank', '2021-10-05 13:27:12.775004', '2021-10-05 17:27:12.775004'),
(98, 'static/3/9/995c0c9b-f0c5-4764-9391-1bfb8dd9a2cb@rc_rif.png', 'http://localhost:undefined//3/9/995c0c9b-f0c5-4764-9391-1bfb8dd9a2cb@rc_rif.png', '995c0c9b-f0c5-4764-9391-1bfb8dd9a2cb@rc_rif.png', 'rc_rif', '2021-10-05 13:27:12.775631', '2021-10-05 17:27:12.775631'),
(99, 'static/3/9/d3892c9e-d564-4295-9094-92dabf5b0dee@rc_service_document.jpeg', 'http://localhost:undefined//3/9/d3892c9e-d564-4295-9094-92dabf5b0dee@rc_service_document.jpeg', 'd3892c9e-d564-4295-9094-92dabf5b0dee@rc_service_document.jpeg', 'rc_service_document', '2021-10-05 13:27:12.788430', '2021-10-05 17:27:12.788430'),
(100, 'static/3/9/594754da-50a0-4853-acc0-69ecdd4060b3@rc_account_number.jpeg', 'http://localhost:undefined//3/9/594754da-50a0-4853-acc0-69ecdd4060b3@rc_account_number.jpeg', '594754da-50a0-4853-acc0-69ecdd4060b3@rc_account_number.jpeg', 'rc_account_number', '2021-10-05 13:27:12.788410', '2021-10-05 17:27:12.788410'),
(101, 'static/3/9/2db3e8c7-6d72-40c9-9128-ae836b353977@rc_constitutive_act.png', 'http://localhost:undefined//3/9/2db3e8c7-6d72-40c9-9128-ae836b353977@rc_constitutive_act.png', '2db3e8c7-6d72-40c9-9128-ae836b353977@rc_constitutive_act.png', 'rc_constitutive_act', '2021-10-05 13:27:12.788660', '2021-10-05 17:27:12.788660'),
(102, 'static/3/9/5de6fa6c-8cad-422a-a892-4c02eeca816b@rc_rif.png', 'http://localhost:undefined//3/9/5de6fa6c-8cad-422a-a892-4c02eeca816b@rc_rif.png', '5de6fa6c-8cad-422a-a892-4c02eeca816b@rc_rif.png', 'rc_rif', '2021-10-05 13:28:02.428220', '2021-10-05 17:28:02.428220'),
(103, 'static/3/9/872e4c77-02c1-4055-ac95-00ab558ffdce@rc_ref_bank.png', 'http://localhost:undefined//3/9/872e4c77-02c1-4055-ac95-00ab558ffdce@rc_ref_bank.png', '872e4c77-02c1-4055-ac95-00ab558ffdce@rc_ref_bank.png', 'rc_ref_bank', '2021-10-05 13:28:02.452977', '2021-10-05 17:28:02.452977'),
(104, 'static/3/9/f4e2bb9a-a756-49fb-ac44-dd485288e5d4@rc_constitutive_act.png', 'http://localhost:undefined//3/9/f4e2bb9a-a756-49fb-ac44-dd485288e5d4@rc_constitutive_act.png', 'f4e2bb9a-a756-49fb-ac44-dd485288e5d4@rc_constitutive_act.png', 'rc_constitutive_act', '2021-10-05 13:28:02.453702', '2021-10-05 17:28:02.453702'),
(105, 'static/3/9/97cee5d0-8c17-41b0-8405-3c8ce2cff5b3@rc_account_number.jpeg', 'http://localhost:undefined//3/9/97cee5d0-8c17-41b0-8405-3c8ce2cff5b3@rc_account_number.jpeg', '97cee5d0-8c17-41b0-8405-3c8ce2cff5b3@rc_account_number.jpeg', 'rc_account_number', '2021-10-05 13:28:02.454525', '2021-10-05 17:28:02.454525'),
(106, 'static/3/9/2fbfab2f-5e42-49a2-a3a5-888882166f53@rc_service_document.jpeg', 'http://localhost:undefined//3/9/2fbfab2f-5e42-49a2-a3a5-888882166f53@rc_service_document.jpeg', '2fbfab2f-5e42-49a2-a3a5-888882166f53@rc_service_document.jpeg', 'rc_service_document', '2021-10-05 13:28:02.458150', '2021-10-05 17:28:02.458150'),
(107, 'static/3/9/9153d4b2-a9c2-497a-b4a1-d5711eba7893@rc_property_document.png', 'http://localhost:undefined//3/9/9153d4b2-a9c2-497a-b4a1-d5711eba7893@rc_property_document.png', '9153d4b2-a9c2-497a-b4a1-d5711eba7893@rc_property_document.png', 'rc_property_document', '2021-10-05 13:28:02.458155', '2021-10-05 17:28:02.458155'),
(108, 'static/3/9/920f112b-dec2-49db-a6fd-9d08749e7b1a@rc_property_document.png', 'http://localhost:undefined//3/9/920f112b-dec2-49db-a6fd-9d08749e7b1a@rc_property_document.png', '920f112b-dec2-49db-a6fd-9d08749e7b1a@rc_property_document.png', 'rc_property_document', '2021-10-05 13:31:20.948917', '2021-10-05 17:31:20.948917'),
(109, 'static/3/9/7ca62d6e-f2aa-46be-8414-904685f5725e@rc_constitutive_act.png', 'http://localhost:undefined//3/9/7ca62d6e-f2aa-46be-8414-904685f5725e@rc_constitutive_act.png', '7ca62d6e-f2aa-46be-8414-904685f5725e@rc_constitutive_act.png', 'rc_constitutive_act', '2021-10-05 13:31:20.948176', '2021-10-05 17:31:20.948176'),
(110, 'static/3/9/3c707741-7d21-4b55-b021-38e644677da5@rc_rif.png', 'http://localhost:undefined//3/9/3c707741-7d21-4b55-b021-38e644677da5@rc_rif.png', '3c707741-7d21-4b55-b021-38e644677da5@rc_rif.png', 'rc_rif', '2021-10-05 13:31:20.917784', '2021-10-05 17:31:20.917784'),
(111, 'static/3/9/f357e394-c085-4213-9ff1-6637da494b1a@rc_account_number.jpeg', 'http://localhost:undefined//3/9/f357e394-c085-4213-9ff1-6637da494b1a@rc_account_number.jpeg', 'f357e394-c085-4213-9ff1-6637da494b1a@rc_account_number.jpeg', 'rc_account_number', '2021-10-05 13:31:20.947474', '2021-10-05 17:31:20.947474'),
(112, 'static/3/9/2cabf17f-6ef6-4bed-874f-9efdb99999cf@rc_ref_bank.png', 'http://localhost:undefined//3/9/2cabf17f-6ef6-4bed-874f-9efdb99999cf@rc_ref_bank.png', '2cabf17f-6ef6-4bed-874f-9efdb99999cf@rc_ref_bank.png', 'rc_ref_bank', '2021-10-05 13:31:20.944247', '2021-10-05 17:31:20.944247'),
(113, 'static/3/9/051f14ea-1d0f-4ba8-8e8b-19377331e4f1@rc_service_document.jpeg', 'http://localhost:undefined//3/9/051f14ea-1d0f-4ba8-8e8b-19377331e4f1@rc_service_document.jpeg', '051f14ea-1d0f-4ba8-8e8b-19377331e4f1@rc_service_document.jpeg', 'rc_service_document', '2021-10-05 13:31:20.945415', '2021-10-05 17:31:20.945415'),
(114, 'static/3/9/d54ee466-99c8-454f-b3d2-0e7d456d192c@rc_rif.png', 'http://localhost:undefined//3/9/d54ee466-99c8-454f-b3d2-0e7d456d192c@rc_rif.png', 'd54ee466-99c8-454f-b3d2-0e7d456d192c@rc_rif.png', 'rc_rif', '2021-10-05 13:33:05.654457', '2021-10-05 17:33:05.654457'),
(115, 'static/3/9/8a0c543f-3dcd-45a3-b257-c09a780c9de0@rc_ref_bank.png', 'http://localhost:undefined//3/9/8a0c543f-3dcd-45a3-b257-c09a780c9de0@rc_ref_bank.png', '8a0c543f-3dcd-45a3-b257-c09a780c9de0@rc_ref_bank.png', 'rc_ref_bank', '2021-10-05 13:33:05.659846', '2021-10-05 17:33:05.659846'),
(116, 'static/3/9/70109b7d-7f02-4f78-acfd-ddacd31ee6fe@rc_constitutive_act.png', 'http://localhost:undefined//3/9/70109b7d-7f02-4f78-acfd-ddacd31ee6fe@rc_constitutive_act.png', '70109b7d-7f02-4f78-acfd-ddacd31ee6fe@rc_constitutive_act.png', 'rc_constitutive_act', '2021-10-05 13:33:05.661162', '2021-10-05 17:33:05.661162'),
(117, 'static/3/9/d023f02a-0c62-48a4-9e52-346449b76b66@rc_property_document.png', 'http://localhost:undefined//3/9/d023f02a-0c62-48a4-9e52-346449b76b66@rc_property_document.png', 'd023f02a-0c62-48a4-9e52-346449b76b66@rc_property_document.png', 'rc_property_document', '2021-10-05 13:33:05.662871', '2021-10-05 17:33:05.662871'),
(118, 'static/3/9/2e353b27-967d-4965-8ed2-1b59bff8eedd@rc_account_number.jpeg', 'http://localhost:undefined//3/9/2e353b27-967d-4965-8ed2-1b59bff8eedd@rc_account_number.jpeg', '2e353b27-967d-4965-8ed2-1b59bff8eedd@rc_account_number.jpeg', 'rc_account_number', '2021-10-05 13:33:05.664684', '2021-10-05 17:33:05.664684'),
(119, 'static/3/9/7b766eb5-4621-416b-b53e-06f0802e99d7@rc_service_document.jpeg', 'http://localhost:undefined//3/9/7b766eb5-4621-416b-b53e-06f0802e99d7@rc_service_document.jpeg', '7b766eb5-4621-416b-b53e-06f0802e99d7@rc_service_document.jpeg', 'rc_service_document', '2021-10-05 13:33:05.667167', '2021-10-05 17:33:05.667167'),
(120, 'static/3/9/8b52fc51-6c08-44d7-ac15-e6f0b6f8cec8@rc_account_number.jpeg', 'http://localhost:undefined//3/9/8b52fc51-6c08-44d7-ac15-e6f0b6f8cec8@rc_account_number.jpeg', '8b52fc51-6c08-44d7-ac15-e6f0b6f8cec8@rc_account_number.jpeg', 'rc_account_number', '2021-10-05 13:33:54.004648', '2021-10-05 17:33:54.004648'),
(121, 'static/3/9/a47d8fd0-825f-487e-8ad6-d98b181d2866@rc_constitutive_act.png', 'http://localhost:undefined//3/9/a47d8fd0-825f-487e-8ad6-d98b181d2866@rc_constitutive_act.png', 'a47d8fd0-825f-487e-8ad6-d98b181d2866@rc_constitutive_act.png', 'rc_constitutive_act', '2021-10-05 13:33:53.994487', '2021-10-05 17:33:53.994487'),
(122, 'static/3/9/5b15c053-d8e3-44f3-84c6-ea36980462bc@rc_service_document.jpeg', 'http://localhost:undefined//3/9/5b15c053-d8e3-44f3-84c6-ea36980462bc@rc_service_document.jpeg', '5b15c053-d8e3-44f3-84c6-ea36980462bc@rc_service_document.jpeg', 'rc_service_document', '2021-10-05 13:33:53.993242', '2021-10-05 17:33:53.993242'),
(123, 'static/3/9/6a5dd120-720c-4d23-ac91-ed207bb7430c@rc_property_document.png', 'http://localhost:undefined//3/9/6a5dd120-720c-4d23-ac91-ed207bb7430c@rc_property_document.png', '6a5dd120-720c-4d23-ac91-ed207bb7430c@rc_property_document.png', 'rc_property_document', '2021-10-05 13:33:53.991439', '2021-10-05 17:33:53.991439'),
(124, 'static/3/9/464ae744-2313-47a3-a4af-1f66edaedf41@rc_rif.png', 'http://localhost:undefined//3/9/464ae744-2313-47a3-a4af-1f66edaedf41@rc_rif.png', '464ae744-2313-47a3-a4af-1f66edaedf41@rc_rif.png', 'rc_rif', '2021-10-05 13:33:53.977393', '2021-10-05 17:33:53.977393'),
(125, 'static/3/9/0083d767-4ccd-4796-b993-97244e538fd5@rc_ref_bank.png', 'http://localhost:undefined//3/9/0083d767-4ccd-4796-b993-97244e538fd5@rc_ref_bank.png', '0083d767-4ccd-4796-b993-97244e538fd5@rc_ref_bank.png', 'rc_ref_bank', '2021-10-05 13:33:53.990698', '2021-10-05 17:33:53.990698'),
(126, 'static/3/9/a9ad94a5-a9a8-446b-a60c-d701b1069ad9@rc_account_number.jpeg', 'http://localhost:undefined//3/9/a9ad94a5-a9a8-446b-a60c-d701b1069ad9@rc_account_number.jpeg', 'a9ad94a5-a9a8-446b-a60c-d701b1069ad9@rc_account_number.jpeg', 'rc_account_number', '2021-10-05 13:36:26.644267', '2021-10-05 17:36:26.644267'),
(127, 'static/3/9/75b49fce-50db-4cf4-a38b-72f3373a0b60@rc_rif.png', 'http://localhost:undefined//3/9/75b49fce-50db-4cf4-a38b-72f3373a0b60@rc_rif.png', '75b49fce-50db-4cf4-a38b-72f3373a0b60@rc_rif.png', 'rc_rif', '2021-10-05 13:36:26.627923', '2021-10-05 17:36:26.627923'),
(128, 'static/3/9/84f58106-af83-4de6-8380-bac4a2d1f391@rc_service_document.jpeg', 'http://localhost:undefined//3/9/84f58106-af83-4de6-8380-bac4a2d1f391@rc_service_document.jpeg', '84f58106-af83-4de6-8380-bac4a2d1f391@rc_service_document.jpeg', 'rc_service_document', '2021-10-05 13:36:26.647007', '2021-10-05 17:36:26.647007'),
(129, 'static/3/9/aea82ba7-e708-4f98-8565-87916a38431c@rc_constitutive_act.png', 'http://localhost:undefined//3/9/aea82ba7-e708-4f98-8565-87916a38431c@rc_constitutive_act.png', 'aea82ba7-e708-4f98-8565-87916a38431c@rc_constitutive_act.png', 'rc_constitutive_act', '2021-10-05 13:36:26.674682', '2021-10-05 17:36:26.674682'),
(130, 'static/3/9/45fe783d-fde3-481e-bd44-dafee33884a5@rc_property_document.png', 'http://localhost:undefined//3/9/45fe783d-fde3-481e-bd44-dafee33884a5@rc_property_document.png', '45fe783d-fde3-481e-bd44-dafee33884a5@rc_property_document.png', 'rc_property_document', '2021-10-05 13:36:26.678548', '2021-10-05 17:36:26.678548'),
(131, 'static/3/9/6d281170-dfc9-4edb-a096-883873faaca2@rc_ref_bank.png', 'http://localhost:undefined//3/9/6d281170-dfc9-4edb-a096-883873faaca2@rc_ref_bank.png', '6d281170-dfc9-4edb-a096-883873faaca2@rc_ref_bank.png', 'rc_ref_bank', '2021-10-05 13:36:26.679999', '2021-10-05 17:36:26.679999'),
(132, 'static/3/9/d3091604-3af6-4e3a-a215-103901f2955b@rc_service_document.jpeg', 'http://localhost:undefined//3/9/d3091604-3af6-4e3a-a215-103901f2955b@rc_service_document.jpeg', 'd3091604-3af6-4e3a-a215-103901f2955b@rc_service_document.jpeg', 'rc_service_document', '2021-10-05 13:37:14.256172', '2021-10-05 17:37:14.256172'),
(133, 'static/3/9/de91cb81-73b8-4886-b484-2f9716bb2752@rc_account_number.jpeg', 'http://localhost:undefined//3/9/de91cb81-73b8-4886-b484-2f9716bb2752@rc_account_number.jpeg', 'de91cb81-73b8-4886-b484-2f9716bb2752@rc_account_number.jpeg', 'rc_account_number', '2021-10-05 13:37:14.250037', '2021-10-05 17:37:14.250037'),
(134, 'static/3/9/a2716230-5ca3-4c2a-9c46-4ffdd0b748ee@rc_ref_bank.png', 'http://localhost:undefined//3/9/a2716230-5ca3-4c2a-9c46-4ffdd0b748ee@rc_ref_bank.png', 'a2716230-5ca3-4c2a-9c46-4ffdd0b748ee@rc_ref_bank.png', 'rc_ref_bank', '2021-10-05 13:37:14.249235', '2021-10-05 17:37:14.249235'),
(135, 'static/3/9/c7a15345-1772-420b-9cec-0d1ecb8fbb4b@rc_constitutive_act.png', 'http://localhost:undefined//3/9/c7a15345-1772-420b-9cec-0d1ecb8fbb4b@rc_constitutive_act.png', 'c7a15345-1772-420b-9cec-0d1ecb8fbb4b@rc_constitutive_act.png', 'rc_constitutive_act', '2021-10-05 13:37:14.248661', '2021-10-05 17:37:14.248661'),
(136, 'static/3/9/f5c29d74-d8b6-429e-9836-74237bb57892@rc_rif.png', 'http://localhost:undefined//3/9/f5c29d74-d8b6-429e-9836-74237bb57892@rc_rif.png', 'f5c29d74-d8b6-429e-9836-74237bb57892@rc_rif.png', 'rc_rif', '2021-10-05 13:37:14.247540', '2021-10-05 17:37:14.247540'),
(137, 'static/3/9/41cb453b-c0bd-49c8-8651-84966ccebb32@rc_property_document.png', 'http://localhost:undefined//3/9/41cb453b-c0bd-49c8-8651-84966ccebb32@rc_property_document.png', '41cb453b-c0bd-49c8-8651-84966ccebb32@rc_property_document.png', 'rc_property_document', '2021-10-05 13:37:14.234863', '2021-10-05 17:37:14.234863'),
(138, 'static/3/9/be56c07a-71f5-45ff-8907-61b15a606770@rc_rif.png', 'http://localhost:undefined//3/9/be56c07a-71f5-45ff-8907-61b15a606770@rc_rif.png', 'be56c07a-71f5-45ff-8907-61b15a606770@rc_rif.png', 'rc_rif', '2021-10-05 13:38:00.072217', '2021-10-05 17:38:00.072217'),
(139, 'static/3/9/762791e1-5b04-4927-b597-1182eb478e1b@rc_account_number.jpeg', 'http://localhost:undefined//3/9/762791e1-5b04-4927-b597-1182eb478e1b@rc_account_number.jpeg', '762791e1-5b04-4927-b597-1182eb478e1b@rc_account_number.jpeg', 'rc_account_number', '2021-10-05 13:38:00.140881', '2021-10-05 17:38:00.140881'),
(140, 'static/3/9/ba1d282b-9fe2-451a-bc2b-e4a9e3d4aff4@rc_service_document.jpeg', 'http://localhost:undefined//3/9/ba1d282b-9fe2-451a-bc2b-e4a9e3d4aff4@rc_service_document.jpeg', 'ba1d282b-9fe2-451a-bc2b-e4a9e3d4aff4@rc_service_document.jpeg', 'rc_service_document', '2021-10-05 13:38:00.138789', '2021-10-05 17:38:00.138789'),
(141, 'static/3/9/37c8a123-3d9a-4531-b1d7-db770948afa2@rc_constitutive_act.png', 'http://localhost:undefined//3/9/37c8a123-3d9a-4531-b1d7-db770948afa2@rc_constitutive_act.png', '37c8a123-3d9a-4531-b1d7-db770948afa2@rc_constitutive_act.png', 'rc_constitutive_act', '2021-10-05 13:38:00.122183', '2021-10-05 17:38:00.122183'),
(142, 'static/3/9/70f52702-b6ef-4456-8b54-6c1d30e837ca@rc_property_document.png', 'http://localhost:undefined//3/9/70f52702-b6ef-4456-8b54-6c1d30e837ca@rc_property_document.png', '70f52702-b6ef-4456-8b54-6c1d30e837ca@rc_property_document.png', 'rc_property_document', '2021-10-05 13:38:00.123579', '2021-10-05 17:38:00.123579'),
(143, 'static/3/9/833ed803-6968-46aa-b433-c28d65d83c5d@rc_ref_bank.png', 'http://localhost:undefined//3/9/833ed803-6968-46aa-b433-c28d65d83c5d@rc_ref_bank.png', '833ed803-6968-46aa-b433-c28d65d83c5d@rc_ref_bank.png', 'rc_ref_bank', '2021-10-05 13:38:00.124645', '2021-10-05 17:38:00.124645'),
(144, 'static/3/9/b1d0d3af-482e-412b-af3d-7715e87f8c19@rc_rif.png', 'http://localhost:undefined//3/9/b1d0d3af-482e-412b-af3d-7715e87f8c19@rc_rif.png', 'b1d0d3af-482e-412b-af3d-7715e87f8c19@rc_rif.png', 'rc_rif', '2021-10-05 13:45:07.818174', '2021-10-05 17:45:07.818174'),
(145, 'static/3/9/8b314540-bef7-4ef3-bdcb-f1db8986d4da@rc_ref_bank.png', 'http://localhost:undefined//3/9/8b314540-bef7-4ef3-bdcb-f1db8986d4da@rc_ref_bank.png', '8b314540-bef7-4ef3-bdcb-f1db8986d4da@rc_ref_bank.png', 'rc_ref_bank', '2021-10-05 13:45:07.823721', '2021-10-05 17:45:07.823721'),
(146, 'static/3/9/cc246334-e49e-448e-801f-36a497759b34@rc_constitutive_act.png', 'http://localhost:undefined//3/9/cc246334-e49e-448e-801f-36a497759b34@rc_constitutive_act.png', 'cc246334-e49e-448e-801f-36a497759b34@rc_constitutive_act.png', 'rc_constitutive_act', '2021-10-05 13:45:07.824964', '2021-10-05 17:45:07.824964'),
(147, 'static/3/9/7cc6be70-9f12-4523-8b45-ab1650d4379f@rc_service_document.jpeg', 'http://localhost:undefined//3/9/7cc6be70-9f12-4523-8b45-ab1650d4379f@rc_service_document.jpeg', '7cc6be70-9f12-4523-8b45-ab1650d4379f@rc_service_document.jpeg', 'rc_service_document', '2021-10-05 13:45:07.835511', '2021-10-05 17:45:07.835511'),
(148, 'static/3/9/d0448f32-8c9c-4179-80db-aa3f4bcfc2fe@rc_account_number.jpeg', 'http://localhost:undefined//3/9/d0448f32-8c9c-4179-80db-aa3f4bcfc2fe@rc_account_number.jpeg', 'd0448f32-8c9c-4179-80db-aa3f4bcfc2fe@rc_account_number.jpeg', 'rc_account_number', '2021-10-05 13:45:07.836693', '2021-10-05 17:45:07.836693'),
(149, 'static/3/9/aa979893-765d-466a-a9e3-c5470e7b4db6@rc_property_document.png', 'http://localhost:undefined//3/9/aa979893-765d-466a-a9e3-c5470e7b4db6@rc_property_document.png', 'aa979893-765d-466a-a9e3-c5470e7b4db6@rc_property_document.png', 'rc_property_document', '2021-10-05 13:45:07.837958', '2021-10-05 17:45:07.837958'),
(150, 'static/3/9/090d2e98-c59f-4320-ba8c-6b2f2e46282e@rc_rif.png', 'http://localhost:undefined//3/9/090d2e98-c59f-4320-ba8c-6b2f2e46282e@rc_rif.png', '090d2e98-c59f-4320-ba8c-6b2f2e46282e@rc_rif.png', 'rc_rif', '2021-10-05 13:45:45.673143', '2021-10-05 17:45:45.673143'),
(151, 'static/3/9/1dd34ca8-5a24-4639-884d-167da0373b2c@rc_ref_bank.png', 'http://localhost:undefined//3/9/1dd34ca8-5a24-4639-884d-167da0373b2c@rc_ref_bank.png', '1dd34ca8-5a24-4639-884d-167da0373b2c@rc_ref_bank.png', 'rc_ref_bank', '2021-10-05 13:45:45.687275', '2021-10-05 17:45:45.687275'),
(152, 'static/3/9/e9098668-b3d4-4936-ba55-9dbd16701935@rc_property_document.png', 'http://localhost:undefined//3/9/e9098668-b3d4-4936-ba55-9dbd16701935@rc_property_document.png', 'e9098668-b3d4-4936-ba55-9dbd16701935@rc_property_document.png', 'rc_property_document', '2021-10-05 13:45:45.689502', '2021-10-05 17:45:45.689502'),
(153, 'static/3/9/e06c3400-bfec-4ebb-ba52-3fe06f73ea82@rc_constitutive_act.png', 'http://localhost:undefined//3/9/e06c3400-bfec-4ebb-ba52-3fe06f73ea82@rc_constitutive_act.png', 'e06c3400-bfec-4ebb-ba52-3fe06f73ea82@rc_constitutive_act.png', 'rc_constitutive_act', '2021-10-05 13:45:45.691430', '2021-10-05 17:45:45.691430'),
(154, 'static/3/9/0f97afce-f5c8-4461-913e-c9ee9e5e248f@rc_account_number.jpeg', 'http://localhost:undefined//3/9/0f97afce-f5c8-4461-913e-c9ee9e5e248f@rc_account_number.jpeg', '0f97afce-f5c8-4461-913e-c9ee9e5e248f@rc_account_number.jpeg', 'rc_account_number', '2021-10-05 13:45:45.692566', '2021-10-05 17:45:45.692566'),
(155, 'static/3/9/15e7e9d1-7b7c-430c-9af7-b8c18fa2a317@rc_service_document.jpeg', 'http://localhost:undefined//3/9/15e7e9d1-7b7c-430c-9af7-b8c18fa2a317@rc_service_document.jpeg', '15e7e9d1-7b7c-430c-9af7-b8c18fa2a317@rc_service_document.jpeg', 'rc_service_document', '2021-10-05 13:45:45.693820', '2021-10-05 17:45:45.693820'),
(156, 'static/3/9/ddc09f68-6d27-43f3-b07d-5f8269a688e6@rc_account_number.jpeg', 'http://localhost:undefined//3/9/ddc09f68-6d27-43f3-b07d-5f8269a688e6@rc_account_number.jpeg', 'ddc09f68-6d27-43f3-b07d-5f8269a688e6@rc_account_number.jpeg', 'rc_account_number', '2021-10-05 13:46:50.890200', '2021-10-05 17:46:50.890200'),
(157, 'static/3/9/7d4f484f-fb4c-4dd8-8415-23dacd178678@rc_rif.png', 'http://localhost:undefined//3/9/7d4f484f-fb4c-4dd8-8415-23dacd178678@rc_rif.png', '7d4f484f-fb4c-4dd8-8415-23dacd178678@rc_rif.png', 'rc_rif', '2021-10-05 13:46:50.862386', '2021-10-05 17:46:50.862386'),
(158, 'static/3/9/490ffdb4-2d5a-4b9f-8a56-248472acfbc1@rc_constitutive_act.png', 'http://localhost:undefined//3/9/490ffdb4-2d5a-4b9f-8a56-248472acfbc1@rc_constitutive_act.png', '490ffdb4-2d5a-4b9f-8a56-248472acfbc1@rc_constitutive_act.png', 'rc_constitutive_act', '2021-10-05 13:46:50.875204', '2021-10-05 17:46:50.875204'),
(159, 'static/3/9/c6f96fb6-90f1-4777-80ce-bc0cb42f2f4e@rc_property_document.png', 'http://localhost:undefined//3/9/c6f96fb6-90f1-4777-80ce-bc0cb42f2f4e@rc_property_document.png', 'c6f96fb6-90f1-4777-80ce-bc0cb42f2f4e@rc_property_document.png', 'rc_property_document', '2021-10-05 13:46:50.876437', '2021-10-05 17:46:50.876437'),
(160, 'static/3/9/26a482f7-2349-4268-a03e-b8f237047df7@rc_ref_bank.png', 'http://localhost:undefined//3/9/26a482f7-2349-4268-a03e-b8f237047df7@rc_ref_bank.png', '26a482f7-2349-4268-a03e-b8f237047df7@rc_ref_bank.png', 'rc_ref_bank', '2021-10-05 13:46:50.875777', '2021-10-05 17:46:50.875777'),
(161, 'static/3/9/4776dc93-4fd1-4659-a54e-01b32d8d2a15@rc_service_document.jpeg', 'http://localhost:undefined//3/9/4776dc93-4fd1-4659-a54e-01b32d8d2a15@rc_service_document.jpeg', '4776dc93-4fd1-4659-a54e-01b32d8d2a15@rc_service_document.jpeg', 'rc_service_document', '2021-10-05 13:46:50.891418', '2021-10-05 17:46:50.891418'),
(162, 'static/3/9/e1949862-48b0-43fb-9af0-c5e075e480b6@rc_account_number.jpeg', 'http://localhost:undefined//3/9/e1949862-48b0-43fb-9af0-c5e075e480b6@rc_account_number.jpeg', 'e1949862-48b0-43fb-9af0-c5e075e480b6@rc_account_number.jpeg', 'rc_account_number', '2021-10-05 13:47:28.529331', '2021-10-05 17:47:28.529331');
INSERT INTO `fm_photo` (`id`, `path`, `link`, `name`, `descript`, `createdAt`, `updatedAt`) VALUES
(163, 'static/3/9/82824a65-2c3f-464d-b1c5-3632083eedf2@rc_constitutive_act.png', 'http://localhost:undefined//3/9/82824a65-2c3f-464d-b1c5-3632083eedf2@rc_constitutive_act.png', '82824a65-2c3f-464d-b1c5-3632083eedf2@rc_constitutive_act.png', 'rc_constitutive_act', '2021-10-05 13:47:28.533343', '2021-10-05 17:47:28.533343'),
(164, 'static/3/9/7083a42d-c83f-4b29-a057-9c772309d9e7@rc_property_document.png', 'http://localhost:undefined//3/9/7083a42d-c83f-4b29-a057-9c772309d9e7@rc_property_document.png', '7083a42d-c83f-4b29-a057-9c772309d9e7@rc_property_document.png', 'rc_property_document', '2021-10-05 13:47:28.523081', '2021-10-05 17:47:28.523081'),
(165, 'static/3/9/f7efbd18-f3d7-4aa3-be70-84a3f51c6a14@rc_ref_bank.png', 'http://localhost:undefined//3/9/f7efbd18-f3d7-4aa3-be70-84a3f51c6a14@rc_ref_bank.png', 'f7efbd18-f3d7-4aa3-be70-84a3f51c6a14@rc_ref_bank.png', 'rc_ref_bank', '2021-10-05 13:47:28.518134', '2021-10-05 17:47:28.518134'),
(166, 'static/3/9/2c0e3ce1-018e-4bd8-9782-4427aeef7842@rc_rif.png', 'http://localhost:undefined//3/9/2c0e3ce1-018e-4bd8-9782-4427aeef7842@rc_rif.png', '2c0e3ce1-018e-4bd8-9782-4427aeef7842@rc_rif.png', 'rc_rif', '2021-10-05 13:47:28.451333', '2021-10-05 17:47:28.451333'),
(167, 'static/3/9/43383467-7d95-4650-b9f1-db7b4d1a6dd4@rc_service_document.jpeg', 'http://localhost:undefined//3/9/43383467-7d95-4650-b9f1-db7b4d1a6dd4@rc_service_document.jpeg', '43383467-7d95-4650-b9f1-db7b4d1a6dd4@rc_service_document.jpeg', 'rc_service_document', '2021-10-05 13:47:28.531428', '2021-10-05 17:47:28.531428'),
(168, 'static/3/9/6554c8a2-2c1d-4ae7-9c30-70a2eac0253a@rc_rif.png', 'http://localhost:undefined//3/9/6554c8a2-2c1d-4ae7-9c30-70a2eac0253a@rc_rif.png', '6554c8a2-2c1d-4ae7-9c30-70a2eac0253a@rc_rif.png', 'rc_rif', '2021-10-05 13:48:15.704090', '2021-10-05 17:48:15.704090'),
(169, 'static/3/9/4b64c421-fdef-404f-a855-ec208868f388@rc_service_document.jpeg', 'http://localhost:undefined//3/9/4b64c421-fdef-404f-a855-ec208868f388@rc_service_document.jpeg', '4b64c421-fdef-404f-a855-ec208868f388@rc_service_document.jpeg', 'rc_service_document', '2021-10-05 13:48:15.789498', '2021-10-05 17:48:15.789498'),
(170, 'static/3/9/acc3b7f4-d6e3-4c52-88f4-74f4da056b81@rc_account_number.jpeg', 'http://localhost:undefined//3/9/acc3b7f4-d6e3-4c52-88f4-74f4da056b81@rc_account_number.jpeg', 'acc3b7f4-d6e3-4c52-88f4-74f4da056b81@rc_account_number.jpeg', 'rc_account_number', '2021-10-05 13:48:15.788499', '2021-10-05 17:48:15.788499'),
(171, 'static/3/9/ad8b9615-37cb-44ee-ad9a-c6b30b2a926f@rc_constitutive_act.png', 'http://localhost:undefined//3/9/ad8b9615-37cb-44ee-ad9a-c6b30b2a926f@rc_constitutive_act.png', 'ad8b9615-37cb-44ee-ad9a-c6b30b2a926f@rc_constitutive_act.png', 'rc_constitutive_act', '2021-10-05 13:48:15.790200', '2021-10-05 17:48:15.790200'),
(172, 'static/3/9/74fc4b2d-9d47-4c22-b9dc-f75e37fa7925@rc_ref_bank.png', 'http://localhost:undefined//3/9/74fc4b2d-9d47-4c22-b9dc-f75e37fa7925@rc_ref_bank.png', '74fc4b2d-9d47-4c22-b9dc-f75e37fa7925@rc_ref_bank.png', 'rc_ref_bank', '2021-10-05 13:48:15.791465', '2021-10-05 17:48:15.791465'),
(173, 'static/3/9/1bbcfef4-4fba-41ad-92f8-2e329176e286@rc_property_document.png', 'http://localhost:undefined//3/9/1bbcfef4-4fba-41ad-92f8-2e329176e286@rc_property_document.png', '1bbcfef4-4fba-41ad-92f8-2e329176e286@rc_property_document.png', 'rc_property_document', '2021-10-05 13:48:15.790805', '2021-10-05 17:48:15.790805'),
(174, 'static/3/9/112bff74-501a-458b-89a9-0741388d2f73@rc_rif.png', 'http://localhost:undefined//3/9/112bff74-501a-458b-89a9-0741388d2f73@rc_rif.png', '112bff74-501a-458b-89a9-0741388d2f73@rc_rif.png', 'rc_rif', '2021-10-05 13:54:19.579521', '2021-10-05 17:54:19.579521'),
(175, 'static/3/9/e9bc3ab5-7135-4f37-8af9-ba4fd9ca9061@rc_constitutive_act.png', 'http://localhost:undefined//3/9/e9bc3ab5-7135-4f37-8af9-ba4fd9ca9061@rc_constitutive_act.png', 'e9bc3ab5-7135-4f37-8af9-ba4fd9ca9061@rc_constitutive_act.png', 'rc_constitutive_act', '2021-10-05 13:54:19.605792', '2021-10-05 17:54:19.605792'),
(176, 'static/3/9/a124a7f6-16b3-4fbe-9d69-7941bb855dc7@rc_ref_bank.png', 'http://localhost:undefined//3/9/a124a7f6-16b3-4fbe-9d69-7941bb855dc7@rc_ref_bank.png', 'a124a7f6-16b3-4fbe-9d69-7941bb855dc7@rc_ref_bank.png', 'rc_ref_bank', '2021-10-05 13:54:19.606399', '2021-10-05 17:54:19.606399'),
(177, 'static/3/9/95124e97-3c44-4a1e-98f0-cb22827080de@rc_property_document.png', 'http://localhost:undefined//3/9/95124e97-3c44-4a1e-98f0-cb22827080de@rc_property_document.png', '95124e97-3c44-4a1e-98f0-cb22827080de@rc_property_document.png', 'rc_property_document', '2021-10-05 13:54:19.607225', '2021-10-05 17:54:19.607225'),
(178, 'static/3/9/387ea5cc-030a-439f-8172-6a413075fbe2@rc_service_document.jpeg', 'http://localhost:undefined//3/9/387ea5cc-030a-439f-8172-6a413075fbe2@rc_service_document.jpeg', '387ea5cc-030a-439f-8172-6a413075fbe2@rc_service_document.jpeg', 'rc_service_document', '2021-10-05 13:54:19.621120', '2021-10-05 17:54:19.621120'),
(179, 'static/3/9/e5a4cd1a-8266-4947-b4fc-4b4faed1ea71@rc_account_number.jpeg', 'http://localhost:undefined//3/9/e5a4cd1a-8266-4947-b4fc-4b4faed1ea71@rc_account_number.jpeg', 'e5a4cd1a-8266-4947-b4fc-4b4faed1ea71@rc_account_number.jpeg', 'rc_account_number', '2021-10-05 13:54:19.622691', '2021-10-05 17:54:19.622691'),
(180, 'static/3/9/0a2b2a81-db5c-4b39-baf8-8945503a1c84@rc_service_document.jpeg', 'http://localhost:undefined//3/9/0a2b2a81-db5c-4b39-baf8-8945503a1c84@rc_service_document.jpeg', '0a2b2a81-db5c-4b39-baf8-8945503a1c84@rc_service_document.jpeg', 'rc_service_document', '2021-10-05 13:54:37.799144', '2021-10-05 17:54:37.799144'),
(181, 'static/3/9/b576f133-1593-4529-b163-42d94c8d8227@rc_property_document.png', 'http://localhost:undefined//3/9/b576f133-1593-4529-b163-42d94c8d8227@rc_property_document.png', 'b576f133-1593-4529-b163-42d94c8d8227@rc_property_document.png', 'rc_property_document', '2021-10-05 13:54:37.798424', '2021-10-05 17:54:37.798424'),
(182, 'static/3/9/acab994f-1f89-47a4-b26a-be14ffb5fe92@rc_account_number.jpeg', 'http://localhost:undefined//3/9/acab994f-1f89-47a4-b26a-be14ffb5fe92@rc_account_number.jpeg', 'acab994f-1f89-47a4-b26a-be14ffb5fe92@rc_account_number.jpeg', 'rc_account_number', '2021-10-05 13:54:37.796884', '2021-10-05 17:54:37.796884'),
(183, 'static/3/9/07121d02-c0bc-48f6-9e6b-04cd210c87f2@rc_ref_bank.png', 'http://localhost:undefined//3/9/07121d02-c0bc-48f6-9e6b-04cd210c87f2@rc_ref_bank.png', '07121d02-c0bc-48f6-9e6b-04cd210c87f2@rc_ref_bank.png', 'rc_ref_bank', '2021-10-05 13:54:37.779598', '2021-10-05 17:54:37.779598'),
(184, 'static/3/9/1918f834-08c9-4df4-b9ec-a2356d6a00e5@rc_rif.png', 'http://localhost:undefined//3/9/1918f834-08c9-4df4-b9ec-a2356d6a00e5@rc_rif.png', '1918f834-08c9-4df4-b9ec-a2356d6a00e5@rc_rif.png', 'rc_rif', '2021-10-05 13:54:37.757245', '2021-10-05 17:54:37.757245'),
(185, 'static/3/9/14be2a43-652e-455f-b5cc-1308df12070f@rc_constitutive_act.png', 'http://localhost:undefined//3/9/14be2a43-652e-455f-b5cc-1308df12070f@rc_constitutive_act.png', '14be2a43-652e-455f-b5cc-1308df12070f@rc_constitutive_act.png', 'rc_constitutive_act', '2021-10-05 13:54:37.792603', '2021-10-05 17:54:37.792603'),
(186, 'static/3/9/46230005-3098-4fad-835d-d257eb9be785@rc_service_document.jpeg', 'http://localhost:undefined//3/9/46230005-3098-4fad-835d-d257eb9be785@rc_service_document.jpeg', '46230005-3098-4fad-835d-d257eb9be785@rc_service_document.jpeg', 'rc_service_document', '2021-10-05 13:55:06.570091', '2021-10-05 17:55:06.570091'),
(187, 'static/3/9/8feb8314-fd30-4e8d-a013-c9ed0546b060@rc_ref_bank.png', 'http://localhost:undefined//3/9/8feb8314-fd30-4e8d-a013-c9ed0546b060@rc_ref_bank.png', '8feb8314-fd30-4e8d-a013-c9ed0546b060@rc_ref_bank.png', 'rc_ref_bank', '2021-10-05 13:55:06.565653', '2021-10-05 17:55:06.565653'),
(188, 'static/3/9/423381f7-71fa-4369-846a-f6560ab1deaf@rc_rif.png', 'http://localhost:undefined//3/9/423381f7-71fa-4369-846a-f6560ab1deaf@rc_rif.png', '423381f7-71fa-4369-846a-f6560ab1deaf@rc_rif.png', 'rc_rif', '2021-10-05 13:55:06.520140', '2021-10-05 17:55:06.520140'),
(189, 'static/3/9/f4f0fead-99f5-4c91-8213-a92103abd49e@rc_constitutive_act.png', 'http://localhost:undefined//3/9/f4f0fead-99f5-4c91-8213-a92103abd49e@rc_constitutive_act.png', 'f4f0fead-99f5-4c91-8213-a92103abd49e@rc_constitutive_act.png', 'rc_constitutive_act', '2021-10-05 13:55:06.562623', '2021-10-05 17:55:06.562623'),
(190, 'static/3/9/a84eddfb-7513-4901-8143-4c5cc87933d6@rc_property_document.png', 'http://localhost:undefined//3/9/a84eddfb-7513-4901-8143-4c5cc87933d6@rc_property_document.png', 'a84eddfb-7513-4901-8143-4c5cc87933d6@rc_property_document.png', 'rc_property_document', '2021-10-05 13:55:06.568691', '2021-10-05 17:55:06.568691'),
(191, 'static/3/9/f9e811b3-091b-4046-802f-1f1c20944ac0@rc_account_number.jpeg', 'http://localhost:undefined//3/9/f9e811b3-091b-4046-802f-1f1c20944ac0@rc_account_number.jpeg', 'f9e811b3-091b-4046-802f-1f1c20944ac0@rc_account_number.jpeg', 'rc_account_number', '2021-10-05 13:55:06.567593', '2021-10-05 17:55:06.567593'),
(192, 'static/3/9/5d9354be-43cd-4d58-90b0-7f3860c29f70@rc_rif.png', 'http://localhost:undefined//3/9/5d9354be-43cd-4d58-90b0-7f3860c29f70@rc_rif.png', '5d9354be-43cd-4d58-90b0-7f3860c29f70@rc_rif.png', 'rc_rif', '2021-10-05 13:56:21.605390', '2021-10-05 17:56:21.605390'),
(193, 'static/3/9/c2236dbd-747c-4672-96c3-002e47e0a671@rc_ref_bank.png', 'http://localhost:undefined//3/9/c2236dbd-747c-4672-96c3-002e47e0a671@rc_ref_bank.png', 'c2236dbd-747c-4672-96c3-002e47e0a671@rc_ref_bank.png', 'rc_ref_bank', '2021-10-05 13:56:21.606725', '2021-10-05 17:56:21.606725'),
(194, 'static/3/9/d2b69ab9-e713-4c37-ad82-bd7520b7d90e@rc_property_document.png', 'http://localhost:undefined//3/9/d2b69ab9-e713-4c37-ad82-bd7520b7d90e@rc_property_document.png', 'd2b69ab9-e713-4c37-ad82-bd7520b7d90e@rc_property_document.png', 'rc_property_document', '2021-10-05 13:56:21.608004', '2021-10-05 17:56:21.608004'),
(195, 'static/3/9/7cdc1787-3a84-455f-81be-0a9826d8ac16@rc_service_document.jpeg', 'http://localhost:undefined//3/9/7cdc1787-3a84-455f-81be-0a9826d8ac16@rc_service_document.jpeg', '7cdc1787-3a84-455f-81be-0a9826d8ac16@rc_service_document.jpeg', 'rc_service_document', '2021-10-05 13:56:21.609441', '2021-10-05 17:56:21.609441'),
(196, 'static/3/9/40199568-965a-4b39-8e7d-1f5f23f4a458@rc_account_number.jpeg', 'http://localhost:undefined//3/9/40199568-965a-4b39-8e7d-1f5f23f4a458@rc_account_number.jpeg', '40199568-965a-4b39-8e7d-1f5f23f4a458@rc_account_number.jpeg', 'rc_account_number', '2021-10-05 13:56:21.610461', '2021-10-05 17:56:21.610461'),
(197, 'static/3/9/62534366-1fad-4a14-b030-14f726c8ef65@rc_constitutive_act.png', 'http://localhost:undefined//3/9/62534366-1fad-4a14-b030-14f726c8ef65@rc_constitutive_act.png', '62534366-1fad-4a14-b030-14f726c8ef65@rc_constitutive_act.png', 'rc_constitutive_act', '2021-10-05 13:56:21.693992', '2021-10-05 17:56:21.693992'),
(198, 'static/3/5f21a8ee-a146-47a9-84a1-df9ad6315eef@rc_ident_card.png', 'http://localhost:undefined//3/5f21a8ee-a146-47a9-84a1-df9ad6315eef@rc_ident_card.png', '5f21a8ee-a146-47a9-84a1-df9ad6315eef@rc_ident_card.png', 'rc_ident_card', '2021-10-05 13:58:06.105321', '2021-10-05 17:58:06.105321'),
(199, 'static/3/f8be90ac-af3e-4265-96e9-e93f46374bcb@rc_ref_perso.png', 'http://localhost:undefined//3/f8be90ac-af3e-4265-96e9-e93f46374bcb@rc_ref_perso.png', 'f8be90ac-af3e-4265-96e9-e93f46374bcb@rc_ref_perso.png', 'rc_ref_perso', '2021-10-05 13:58:06.126668', '2021-10-05 17:58:06.126668'),
(200, 'static/3/10/02dda12e-1d36-493f-8c35-e042ff629dea@rc_ref_bank.png', 'http://localhost:undefined//3/10/02dda12e-1d36-493f-8c35-e042ff629dea@rc_ref_bank.png', '02dda12e-1d36-493f-8c35-e042ff629dea@rc_ref_bank.png', 'rc_ref_bank', '2021-10-05 13:58:06.132536', '2021-10-05 17:58:06.132536'),
(201, 'static/3/10/2bcdd954-3aa1-415e-9a84-6368f4bd1fc8@rc_rif.png', 'http://localhost:undefined//3/10/2bcdd954-3aa1-415e-9a84-6368f4bd1fc8@rc_rif.png', '2bcdd954-3aa1-415e-9a84-6368f4bd1fc8@rc_rif.png', 'rc_rif', '2021-10-05 13:58:06.155328', '2021-10-05 17:58:06.155328'),
(202, 'static/3/10/3031a884-2f56-4f63-bd50-69fc51c624f2@rc_constitutive_act.png', 'http://localhost:undefined//3/10/3031a884-2f56-4f63-bd50-69fc51c624f2@rc_constitutive_act.png', '3031a884-2f56-4f63-bd50-69fc51c624f2@rc_constitutive_act.png', 'rc_constitutive_act', '2021-10-05 13:58:06.156183', '2021-10-05 17:58:06.156183'),
(203, 'static/3/10/81a833c7-9e47-41e0-b6ca-b664da4c83bd@rc_property_document.png', 'http://localhost:undefined//3/10/81a833c7-9e47-41e0-b6ca-b664da4c83bd@rc_property_document.png', '81a833c7-9e47-41e0-b6ca-b664da4c83bd@rc_property_document.png', 'rc_property_document', '2021-10-05 13:58:06.156969', '2021-10-05 17:58:06.156969'),
(204, 'static/3/10/ff134910-a77d-4c70-a3ec-7f96aaffa076@rc_account_number.jpeg', 'http://localhost:undefined//3/10/ff134910-a77d-4c70-a3ec-7f96aaffa076@rc_account_number.jpeg', 'ff134910-a77d-4c70-a3ec-7f96aaffa076@rc_account_number.jpeg', 'rc_account_number', '2021-10-05 13:58:06.159131', '2021-10-05 17:58:06.159131'),
(205, 'static/3/10/d8f463fe-354e-4c8a-a6ab-5ddaabfffa4a@rc_service_document.png', 'http://localhost:undefined//3/10/d8f463fe-354e-4c8a-a6ab-5ddaabfffa4a@rc_service_document.png', 'd8f463fe-354e-4c8a-a6ab-5ddaabfffa4a@rc_service_document.png', 'rc_service_document', '2021-10-05 13:58:06.162571', '2021-10-05 17:58:06.162571'),
(206, 'static/3/9708fef5-ae21-4fea-aa3e-803e3a38bb32@rc_ident_card.png', 'http://localhost:undefined//3/9708fef5-ae21-4fea-aa3e-803e3a38bb32@rc_ident_card.png', '9708fef5-ae21-4fea-aa3e-803e3a38bb32@rc_ident_card.png', 'rc_ident_card', '2021-10-05 14:11:55.350125', '2021-10-05 18:11:55.350125'),
(207, 'static/3/99a1a05e-3e68-4f8b-8bc2-3320adfa00ec@rc_ref_perso.png', 'http://localhost:undefined//3/99a1a05e-3e68-4f8b-8bc2-3320adfa00ec@rc_ref_perso.png', '99a1a05e-3e68-4f8b-8bc2-3320adfa00ec@rc_ref_perso.png', 'rc_ref_perso', '2021-10-05 14:11:55.352325', '2021-10-05 18:11:55.352325'),
(208, 'static/3/10/18652ab9-f1f4-4cfb-bf10-6dfeb59a6a20@rc_ref_bank.png', 'http://localhost:undefined//3/10/18652ab9-f1f4-4cfb-bf10-6dfeb59a6a20@rc_ref_bank.png', '18652ab9-f1f4-4cfb-bf10-6dfeb59a6a20@rc_ref_bank.png', 'rc_ref_bank', '2021-10-05 14:11:55.354458', '2021-10-05 18:11:55.354458'),
(209, 'static/3/10/6e33367c-43bf-4d08-a61f-d9c3a3b4dfc6@rc_rif.png', 'http://localhost:undefined//3/10/6e33367c-43bf-4d08-a61f-d9c3a3b4dfc6@rc_rif.png', '6e33367c-43bf-4d08-a61f-d9c3a3b4dfc6@rc_rif.png', 'rc_rif', '2021-10-05 14:11:55.365861', '2021-10-05 18:11:55.365861'),
(210, 'static/3/10/4e6ddeca-b714-4fb7-811f-be430d62d49a@rc_constitutive_act.png', 'http://localhost:undefined//3/10/4e6ddeca-b714-4fb7-811f-be430d62d49a@rc_constitutive_act.png', '4e6ddeca-b714-4fb7-811f-be430d62d49a@rc_constitutive_act.png', 'rc_constitutive_act', '2021-10-05 14:11:55.366622', '2021-10-05 18:11:55.366622'),
(211, 'static/3/10/62376dc9-1b2b-46ac-845f-d60f702745dc@rc_account_number.jpeg', 'http://localhost:undefined//3/10/62376dc9-1b2b-46ac-845f-d60f702745dc@rc_account_number.jpeg', '62376dc9-1b2b-46ac-845f-d60f702745dc@rc_account_number.jpeg', 'rc_account_number', '2021-10-05 14:11:55.397593', '2021-10-05 18:11:55.397593'),
(212, 'static/3/10/4ea539d5-3d90-4e00-bfdb-27068e3b5491@rc_property_document.png', 'http://localhost:undefined//3/10/4ea539d5-3d90-4e00-bfdb-27068e3b5491@rc_property_document.png', '4ea539d5-3d90-4e00-bfdb-27068e3b5491@rc_property_document.png', 'rc_property_document', '2021-10-05 14:11:55.399810', '2021-10-05 18:11:55.399810'),
(213, 'static/3/10/ca756a13-1378-4bf6-a864-f062ca6a2a3f@rc_service_document.png', 'http://localhost:undefined//3/10/ca756a13-1378-4bf6-a864-f062ca6a2a3f@rc_service_document.png', 'ca756a13-1378-4bf6-a864-f062ca6a2a3f@rc_service_document.png', 'rc_service_document', '2021-10-05 14:11:55.399880', '2021-10-05 18:11:55.399880');


INSERT INTO `fm_worker` (`id`, `name`, `last_name`, `password`, `ident_num`, `email`, `block`, `phone`, `id_ident_type`, `id_company`, `id_department`) VALUES
(2, 'Jesus', 'Hes', '$2b$10$43vTCFnq.uVP74Kmx.eMJeZlhM3C7tHQxQZIBPIt1Dt1LtaeVEsxW', '4343444', 'work@correo.com', 0, '+584243434344', 1, NULL, 1),
(3, 'Armando', 'Rivas', '$2b$10$IfiU.0NnxWYVRYowuGJhkuCRquxxLlAr/bCjFM0EZmaUIksQ6Z0Wy', '24205909', 'armando@example.com', 0, '+584241659046', 1, NULL, 1);

INSERT INTO `fm_worker_roles_fm_roles` (`fmWorkerId`, `fmRolesId`) VALUES
(2, 2),
(3, 2);


INSERT INTO `fm_bank_commerce` (`id`, `bank_account_num`, `createdAt`, `updatedAt`, `id_commerce`, `id_bank`, `id_client`) VALUES
(1, '01021565144444344442', '2021-10-04 15:46:24.429103', '2021-10-04 19:46:24.429103', 1, 1, NULL),
(2, '01021565144444344444', '2021-10-04 15:47:18.958605', '2021-10-04 19:47:18.958605', 2, 1, NULL),
(3, '01021565144444344444', '2021-10-04 15:49:51.122361', '2021-10-04 19:49:51.122361', 4, 1, NULL),
(4, '01021565144444355555', '2021-10-04 15:50:26.615531', '2021-10-04 19:50:26.615531', 5, 1, NULL),
(5, '01021565144444344441', '2021-10-05 13:54:37.623542', '2021-10-05 17:54:37.623542', 9, 1, NULL),
(6, '01021565144444344441', '2021-10-05 13:55:05.850023', '2021-10-05 17:55:05.850023', 9, 1, NULL),
(7, '01021565144444344222', '2021-10-05 13:58:06.809526', '2021-10-05 17:58:06.809526', 10, 1, NULL),
(8, '01021565144444344222', '2021-10-05 14:11:55.226151', '2021-10-05 18:11:55.226151', 10, 1, NULL);


INSERT INTO `fm_request` (`id`, `number_post`, `bank_account_num`, `id_status_request`, `createdAt`, `updatedAt`, `rc_constitutive_act`, `rc_property_document`, `rc_service_document`, `rc_special_contributor`, `rc_ref_bank`, `rc_ref_perso`, `rc_account_number`, `rc_rif`, `rc_ident_card`, `id_payment_method`, `id_client`, `id_commerce`, `id_type_request`, `valid_rc_constitutive_act`, `valid_rc_property_document`, `valid_rc_service_document`, `valid_rc_special_contributor`, `valid_rc_ref_bank`, `valid_rc_ref_perso`, `valid_rc_account_number`, `valid_rc_rif`, `valid_rc_ident_card`) VALUES
(1, 1, '01021565144444344442', 4, '2021-10-04 15:46:24.459000', '2021-10-04 20:56:00.000000', 5, 6, 7, NULL, 3, 4, 8, 1, 2, 2, 2, 1, 1, '', '', '', '', '', '', '', '', ''),
(2, 1, '01021565144444344444', 4, '2021-10-04 15:47:18.985000', '2021-10-05 13:01:19.000000', 15, 16, 13, 12, 14, 11, 17, 10, 9, 2, 3, 2, 1, '', '', '', '', '', '', '', '', ''),
(3, 1, '01021565144444344444', 4, '2021-10-04 15:49:51.164000', '2021-10-05 18:15:14.000000', 29, 28, 31, NULL, 26, 25, 30, 27, 24, 1, 5, 4, 1, '', '', '', '', '', '', '', '', ''),
(4, 1, '01021565144444355555', 2, '2021-10-04 15:50:26.757000', '2021-10-05 18:15:38.000000', 44, 46, 45, NULL, 42, 40, 47, 43, 41, 1, 6, 5, 1, '', '', '', '', '', '', '', '', ''),
(8, 1, '01021565144444344222', 1, '2021-10-05 14:11:55.427000', '2021-10-05 18:11:55.427000', 202, 203, 205, 12, 200, 199, 204, 201, 198, 2, 3, 10, 1, '', '', '', '', '', '', '', '', '');

INSERT INTO `fm_dir_pos` (`id`, `createdAt`, `updatedAt`, `id_location`, `id_commerce`, `id_request`, `id_product`) VALUES
(1, '2021-10-04 15:46:24.723626', '2021-10-04 19:46:24.723626', 3, 1, 1, NULL),
(2, '2021-10-04 15:47:19.102096', '2021-10-04 19:47:19.102096', 3, 2, 2, NULL),
(3, '2021-10-04 15:49:51.402548', '2021-10-04 19:49:51.402548', 3, 4, 3, NULL),
(4, '2021-10-04 15:50:26.983883', '2021-10-04 19:50:26.983883', 3, 5, 4, NULL),
(5, '2021-10-05 14:11:55.808501', '2021-10-05 18:11:55.808501', 3, 10, 8, NULL);